Date,Price,Open,High,Low,Volume
29/09/2015,1127.10,1132.40,1133.60,1123.90,0.25
30/09/2015,1115.50,1127.50,1127.50,1111.30,0.28
01/10/2015,1114.00,1114.90,1118.30,1111.00,0.26
02/10/2015,1136.70,1113.00,1140.70,1105.00,0.47
05/10/2015,1137.70,1138.70,1141.30,1129.80,0.20
06/10/2015,1146.40,1135.30,1149.80,1134.90,0.24
07/10/2015,1148.60,1145.80,1152.50,1142.00,0.27
08/10/2015,1144.20,1145.20,1150.40,1136.50,0.24
09/10/2015,1155.80,1139.40,1158.50,1139.40,0.22
12/10/2015,1164.40,1157.20,1168.10,1157.00,0.26
13/10/2015,1165.30,1161.10,1168.30,1152.90,0.30
14/10/2015,1179.60,1166.90,1189.00,1162.50,0.48
15/10/2015,1187.30,1184.30,1191.20,1174.70,0.43
16/10/2015,1182.90,1181.80,1184.10,1174.40,0.34
19/10/2015,1172.50,1175.90,1176.60,1168.30,0.18
20/10/2015,1177.20,1168.50,1180.40,1167.80,0.18
21/10/2015,1166.80,1176.30,1178.20,1163.60,0.20
22/10/2015,1165.80,1166.90,1170.70,1163.00,0.13
23/10/2015,1162.50,1165.90,1179.00,1158.70,0.45
26/10/2015,1165.90,1162.30,1168.90,1162.30,0.08
27/10/2015,1165.40,1163.60,1168.30,1160.50,0.26
28/10/2015,1175.70,1166.40,1182.00,1153.30,0.22
29/10/2015,1147.30,1156.10,1162.50,1144.20,155.61
30/10/2015,1141.40,1146.60,1149.80,1138.40,123.17
02/11/2015,1135.90,1141.30,1142.70,1132.20,106.36
03/11/2015,1114.10,1132.90,1138.00,1113.60,157.45
04/11/2015,1106.20,1117.40,1122.30,1105.60,157.67
05/11/2015,1104.20,1106.80,1111.30,1102.20,144.64
06/11/2015,1087.70,1103.20,1109.70,1084.50,199.87
09/11/2015,1088.10,1089.10,1094.90,1087.40,141.89
10/11/2015,1088.50,1090.80,1094.80,1084.00,144.17
11/11/2015,1084.90,1088.50,1093.50,1083.20,171.73
12/11/2015,1081.00,1085.40,1089.00,1073.00,208.30
13/11/2015,1080.90,1083.50,1088.00,1078.20,130.83
16/11/2015,1083.60,1087.90,1097.40,1080.50,151.38
17/11/2015,1068.60,1082.40,1085.10,1064.40,181.46
18/11/2015,1068.70,1070.20,1074.60,1062.00,154.64
19/11/2015,1077.90,1069.30,1086.60,1068.30,177.56
20/11/2015,1076.30,1079.70,1087.20,1074.90,157.70
23/11/2015,1066.80,1076.40,1076.50,1065.00,178.09
24/11/2015,1073.80,1068.50,1080.70,1068.10,158.53
25/11/2015,1070.00,1075.00,1080.40,1067.10,148.66
26/11/2015,1070.80,1070.10,1074.20,1069.20,0
27/11/2015,1056.10,1069.90,1073.70,1051.50,1.42
30/11/2015,1065.40,1057.10,1069.00,1052.30,0.76
01/12/2015,1063.60,1065.10,1074.20,1062.90,1.24
02/12/2015,1053.90,1068.10,1070.20,1049.60,0.61
03/12/2015,1061.30,1053.30,1064.70,1045.70,0.92
04/12/2015,1084.00,1063.00,1088.20,1058.30,1.54
07/12/2015,1075.40,1085.10,1085.20,1065.50,0.58
08/12/2015,1075.50,1070.20,1078.30,1067.10,0.39
09/12/2015,1076.80,1075.50,1085.10,1069.20,0.48
10/12/2015,1072.30,1071.80,1076.00,1069.50,0.17
11/12/2015,1076.00,1070.00,1079.40,1062.40,0.52
14/12/2015,1063.70,1073.50,1077.00,1059.50,0.35
15/12/2015,1061.80,1060.20,1067.80,1057.60,0.33
16/12/2015,1076.90,1060.70,1077.60,1060.70,0.60
17/12/2015,1049.70,1071.30,1071.70,1046.70,0.54
18/12/2015,1065.00,1051.10,1070.00,1051.10,0.42
21/12/2015,1080.60,1065.20,1080.90,1063.30,0.23
22/12/2015,1074.10,1079.60,1080.30,1071.50,0.12
23/12/2015,1068.30,1072.90,1074.60,1067.80,0.33
24/12/2015,1076.10,1070.90,1076.90,1070.70,0.22
28/12/2015,1068.90,1076.60,1076.60,1066.70,0.21
29/12/2015,1068.30,1071.70,1074.80,1067.90,0.25
30/12/2015,1059.80,1068.20,1071.50,1058.50,98.71
31/12/2015,1060.20,1060.60,1062.70,1056.50,55.71
04/01/2016,1075.20,1061.50,1083.00,1061.00,159.79
05/01/2016,1078.40,1073.50,1081.50,1071.90,104.64
06/01/2016,1091.90,1076.80,1094.90,1074.40,191.80
07/01/2016,1107.80,1093.70,1109.90,1091.10,217.27
08/01/2016,1097.90,1108.80,1113.10,1091.80,193.45
11/01/2016,1096.20,1103.60,1108.30,1093.10,193.21
12/01/2016,1085.20,1094.00,1099.10,1083.10,167.65
13/01/2016,1087.10,1086.80,1095.60,1079.40,156.11
14/01/2016,1073.60,1093.60,1095.40,1071.10,174.24
15/01/2016,1090.70,1079.20,1097.50,1076.00,173.46
17/01/2016,1090.30,1088.60,1090.80,1088.60,0
18/01/2016,1088.50,1090.20,1093.30,1087.40,0
19/01/2016,1089.10,1089.30,1094.50,1082.10,160.11
20/01/2016,1106.20,1087.30,1109.90,1087.10,193.28
21/01/2016,1098.20,1100.90,1104.80,1092.50,178.74
22/01/2016,1096.30,1101.60,1103.50,1094.40,142.74
25/01/2016,1105.30,1097.80,1109.20,1097.60,176.36
26/01/2016,1120.20,1108.20,1123.20,1107.20,197.69
27/01/2016,1115.80,1119.90,1128.00,1114.90,168.71
28/01/2016,1115.60,1125.00,1125.90,1110.00,1.46
29/01/2016,1116.50,1115.20,1118.70,1108.60,1.04
01/02/2016,1128.00,1116.50,1130.00,1116.50,0.89
02/02/2016,1127.20,1128.10,1131.50,1122.70,0.82
03/02/2016,1141.20,1128.00,1145.80,1124.90,1.30
04/02/2016,1157.20,1142.60,1157.20,1140.30,0.85
05/02/2016,1157.40,1155.10,1174.60,1145.40,1.46
08/02/2016,1197.60,1173.40,1201.10,1164.60,2.17
09/02/2016,1198.40,1191.20,1199.00,1185.80,1.52
10/02/2016,1194.30,1189.50,1197.60,1181.50,1.24
11/02/2016,1247.50,1196.50,1263.40,1196.50,3.48
12/02/2016,1239.00,1246.30,1248.20,1232.60,1.76
14/02/2016,1233.60,1235.70,1235.90,1231.40,0
15/02/2016,1208.10,1234.00,1235.10,1202.80,0
16/02/2016,1207.70,1236.00,1236.00,1191.80,6.00
17/02/2016,1210.90,1201.20,1213.90,1195.80,1.09
18/02/2016,1225.80,1209.10,1240.00,1200.80,1.99
19/02/2016,1230.30,1230.90,1234.90,1220.30,1.07
22/02/2016,1209.70,1226.50,1226.50,1202.50,1.58
23/02/2016,1222.20,1209.10,1228.50,1207.40,1.80
24/02/2016,1238.70,1226.10,1253.20,1222.20,2.31
25/02/2016,1238.20,1227.50,1242.50,1222.00,1.35
26/02/2016,1220.40,1232.50,1241.30,1212.00,218.71
29/02/2016,1234.40,1223.10,1241.80,1216.30,183.45
01/03/2016,1230.80,1238.90,1249.30,1227.70,225.61
02/03/2016,1241.80,1232.30,1244.80,1225.10,182.78
03/03/2016,1258.20,1240.80,1269.30,1238.00,226.30
04/03/2016,1270.70,1264.60,1280.70,1250.10,361.18
07/03/2016,1264.00,1260.50,1274.10,1257.40,212.79
08/03/2016,1262.90,1267.90,1279.00,1261.00,206.13
09/03/2016,1257.40,1262.20,1265.70,1243.60,223.14
10/03/2016,1272.80,1253.70,1274.30,1237.50,304.98
11/03/2016,1259.40,1272.00,1287.80,1249.00,235.78
14/03/2016,1245.10,1250.90,1261.90,1229.90,207.56
15/03/2016,1231.00,1237.00,1238.70,1226.00,185.33
16/03/2016,1229.80,1233.10,1264.80,1227.00,203.81
17/03/2016,1265.00,1262.00,1271.90,1255.20,208.12
18/03/2016,1254.30,1257.70,1267.70,1248.40,158.07
21/03/2016,1244.20,1255.20,1256.70,1241.20,176.62
22/03/2016,1248.60,1244.30,1260.90,1242.80,195.73
23/03/2016,1224.00,1248.50,1249.80,1215.40,266.17
24/03/2016,1221.60,1220.70,1224.20,1211.20,169.70
25/03/2016,1216.70,1216.70,1216.70,1216.70,0
28/03/2016,1220.10,1216.00,1223.20,1206.00,142.68
29/03/2016,1235.80,1221.50,1243.40,1215.30,189.73
30/03/2016,1227.80,1242.30,1245.40,1224.10,2.69
31/03/2016,1234.90,1226.50,1240.90,1224.50,1.53
01/04/2016,1222.80,1233.40,1236.20,1209.90,2.66
04/04/2016,1218.60,1222.10,1223.20,1215.50,1.61
05/04/2016,1228.90,1216.30,1237.80,1215.70,1.25
06/04/2016,1223.00,1232.40,1233.00,1217.00,1.78
07/04/2016,1236.70,1223.70,1244.10,1223.60,1.65
08/04/2016,1243.10,1239.70,1243.70,1231.10,0.90
11/04/2016,1257.30,1243.00,1260.00,1243.00,1.30
12/04/2016,1260.10,1259.20,1263.30,1252.80,0.90
13/04/2016,1247.50,1257.10,1257.70,1241.30,0.75
14/04/2016,1225.70,1243.00,1245.00,1225.00,1.07
15/04/2016,1233.70,1228.00,1236.50,1226.80,1.04
18/04/2016,1234.00,1237.00,1242.10,1231.50,1.25
19/04/2016,1253.30,1231.60,1256.80,1228.50,1.07
20/04/2016,1253.40,1251.00,1258.10,1243.10,0.74
21/04/2016,1249.30,1243.80,1271.10,1243.70,2.17
22/04/2016,1229.10,1250.30,1252.90,1228.10,1.07
25/04/2016,1239.40,1233.30,1242.60,1231.00,0.99
26/04/2016,1242.60,1238.70,1245.40,1232.30,0.80
27/04/2016,1249.60,1244.00,1251.50,1241.00,0.55
28/04/2016,1266.40,1247.30,1271.70,1239.10,227.21
29/04/2016,1290.50,1268.00,1299.00,1267.00,273.99
02/05/2016,1295.80,1293.20,1306.00,1289.60,198.26
03/05/2016,1291.80,1293.40,1303.90,1284.00,214.99
04/05/2016,1274.40,1287.70,1291.80,1273.60,212.95
05/05/2016,1272.30,1281.20,1288.40,1270.60,174.58
06/05/2016,1294.00,1279.30,1297.70,1276.20,257.61
09/05/2016,1266.60,1286.70,1289.50,1262.80,225.23
10/05/2016,1264.80,1265.40,1272.00,1258.30,174.08
11/05/2016,1275.50,1267.30,1280.80,1266.30,239.70
12/05/2016,1271.20,1279.30,1282.50,1262.90,218.10
13/05/2016,1272.70,1264.80,1277.70,1264.00,174.35
16/05/2016,1274.20,1273.10,1290.40,1271.60,198.78
17/05/2016,1276.90,1274.90,1283.90,1270.10,205.19
18/05/2016,1274.40,1280.60,1283.50,1256.00,233.58
19/05/2016,1254.80,1259.10,1262.30,1244.60,270.06
20/05/2016,1252.90,1256.30,1261.20,1249.60,205.16
23/05/2016,1251.50,1251.70,1256.80,1243.50,218.72
24/05/2016,1229.20,1249.50,1252.80,1226.20,322.96
25/05/2016,1223.80,1227.30,1230.20,1217.70,246.05
26/05/2016,1220.40,1223.60,1234.60,1218.40,199.78
27/05/2016,1215.20,1221.30,1224.40,1207.90,2.73
30/05/2016,1212.15,1208.25,1213.15,1201.80,0
31/05/2016,1216.20,1212.10,1219.20,1200.90,2.23
01/06/2016,1213.40,1216.50,1221.40,1206.80,2.59
02/06/2016,1211.20,1213.40,1218.40,1210.90,1.37
03/06/2016,1241.50,1211.50,1246.00,1207.70,2.97
06/06/2016,1245.90,1244.30,1249.30,1241.10,1.03
07/06/2016,1245.50,1245.80,1247.40,1235.90,0.61
08/06/2016,1260.80,1245.10,1265.50,1244.50,2.06
09/06/2016,1271.20,1263.00,1272.80,1258.70,0.93
10/06/2016,1274.40,1270.90,1279.10,1266.00,0.93
13/06/2016,1285.40,1277.20,1288.50,1273.80,0.94
14/06/2016,1286.60,1283.80,1291.40,1278.20,1.27
15/06/2016,1286.80,1286.00,1298.30,1279.90,3.07
16/06/2016,1296.80,1294.70,1317.00,1279.90,3.68
17/06/2016,1293.20,1280.80,1301.00,1278.90,1.32
20/06/2016,1290.40,1291.00,1293.30,1279.60,0.69
21/06/2016,1270.90,1290.00,1295.00,1266.00,1.22
22/06/2016,1268.40,1270.70,1271.50,1262.60,0.84
23/06/2016,1261.60,1264.80,1273.30,1256.20,0.53
24/06/2016,1319.70,1252.40,1360.10,1252.40,4.41
27/06/2016,1322.00,1325.00,1336.20,1318.80,1.75
28/06/2016,1314.90,1325.20,1325.70,1306.00,1.07
29/06/2016,1326.90,1313.90,1331.00,1313.30,176.82
30/06/2016,1320.60,1321.00,1326.50,1315.30,192.95
01/07/2016,1339.00,1324.80,1347.00,1323.10,223.73
03/07/2016,1345.50,1344.50,1347.55,1338.85,0
04/07/2016,1352.00,1345.00,1360.15,1343.00,0
05/07/2016,1358.70,1345.00,1360.30,1338.50,353.81
06/07/2016,1367.10,1358.00,1377.50,1356.30,237.06
07/07/2016,1362.10,1365.70,1372.90,1352.00,218.46
08/07/2016,1358.40,1361.00,1371.80,1336.30,301.19
11/07/2016,1356.60,1368.90,1376.50,1351.80,230.70
12/07/2016,1335.30,1356.30,1358.90,1331.00,257.34
13/07/2016,1343.60,1334.00,1346.30,1328.10,204.59
14/07/2016,1332.20,1344.50,1348.00,1320.40,264.33
15/07/2016,1327.40,1336.40,1339.50,1322.60,191.83
18/07/2016,1329.30,1333.40,1336.00,1323.50,163.21
19/07/2016,1332.30,1329.10,1335.50,1325.80,150.62
20/07/2016,1319.30,1332.20,1338.80,1312.50,224.99
21/07/2016,1331.00,1316.20,1334.00,1310.70,253.46
22/07/2016,1323.40,1331.40,1334.00,1319.40,232.26
25/07/2016,1319.50,1322.70,1323.40,1311.10,263.66
26/07/2016,1320.80,1315.50,1324.40,1313.60,203.41
27/07/2016,1326.70,1319.90,1342.30,1315.60,215.39
28/07/2016,1334.60,1341.00,1345.50,1332.40,2.47
29/07/2016,1350.30,1334.80,1354.70,1328.40,2.69
01/08/2016,1352.80,1350.00,1355.10,1346.50,0.77
02/08/2016,1365.70,1352.90,1367.20,1347.00,3.34
03/08/2016,1357.00,1363.20,1366.20,1353.80,3.00
04/08/2016,1359.70,1356.60,1363.60,1347.90,3.52
05/08/2016,1337.30,1359.10,1363.00,1333.70,4.21
08/08/2016,1334.20,1332.80,1336.50,1328.90,2.76
09/08/2016,1339.90,1333.60,1341.70,1329.20,1.42
10/08/2016,1345.30,1340.70,1356.60,1340.70,1.08
11/08/2016,1343.50,1346.60,1352.00,1335.70,0.84
12/08/2016,1336.80,1337.30,1355.10,1333.40,1.16
15/08/2016,1341.30,1337.00,1342.40,1334.90,0.61
16/08/2016,1351.00,1341.70,1358.00,1341.00,1.36
17/08/2016,1343.20,1346.80,1349.90,1335.00,1.07
18/08/2016,1351.20,1347.60,1354.90,1345.20,0.67
19/08/2016,1340.50,1350.90,1350.90,1336.90,0.50
22/08/2016,1337.60,1339.20,1339.20,1330.00,0.95
23/08/2016,1340.30,1335.00,1343.10,1334.10,0.40
24/08/2016,1324.30,1336.50,1338.20,1321.90,0.93
25/08/2016,1320.00,1323.30,1325.90,1316.50,1.26
26/08/2016,1321.40,1320.10,1340.80,1317.00,1.11
29/08/2016,1322.60,1318.70,1323.20,1314.30,0.44
30/08/2016,1313.00,1323.20,1325.40,1308.60,3.73
31/08/2016,1307.90,1311.20,1315.60,1303.60,4.11
01/09/2016,1313.60,1308.20,1315.10,1302.10,5.37
02/09/2016,1323.20,1314.10,1330.30,1304.00,6.87
04/09/2016,1326.25,1328.20,1328.75,1326.15,0
05/09/2016,1331.10,1326.35,1332.15,1325.55,0
06/09/2016,1350.40,1323.40,1353.30,1322.10,9.08
07/09/2016,1345.30,1349.50,1353.80,1343.20,5.82
08/09/2016,1337.80,1345.00,1349.50,1335.50,4.42
09/09/2016,1330.70,1338.00,1339.60,1327.30,3.88
12/09/2016,1321.60,1327.70,1329.80,1319.20,8.02
13/09/2016,1319.60,1326.90,1331.60,1314.80,6.71
14/09/2016,1322.00,1318.50,1325.80,1312.70,4.42
15/09/2016,1314.00,1321.70,1328.00,1308.20,9.85
16/09/2016,1306.20,1314.50,1317.00,1305.40,8.17
19/09/2016,1313.80,1308.90,1317.50,1308.70,4.33
20/09/2016,1314.00,1312.40,1317.10,1311.30,14.03
21/09/2016,1327.20,1314.10,1337.00,1306.70,8.90
22/09/2016,1340.70,1333.40,1343.40,1331.40,5.87
23/09/2016,1337.50,1336.60,1340.20,1333.60,5.69
26/09/2016,1339.80,1336.60,1341.80,1332.50,7.36
27/09/2016,1326.00,1338.10,1338.90,1323.30,19.95
28/09/2016,1319.40,1326.40,1326.90,1316.90,10.55
29/09/2016,1324.00,1324.90,1326.70,1317.00,0.76
30/09/2016,1315.10,1323.70,1329.20,1314.90,0.59
03/10/2016,1310.70,1319.10,1320.00,1310.00,0.35
04/10/2016,1268.20,1313.40,1313.40,1267.80,1.61
05/10/2016,1266.90,1269.50,1277.30,1262.80,0.54
06/10/2016,1251.40,1267.90,1269.30,1250.60,0.79
07/10/2016,1250.30,1255.00,1265.40,1242.00,0.78
10/10/2016,1258.70,1257.60,1265.10,1257.20,0.58
11/10/2016,1254.20,1260.10,1262.10,1253.00,0.42
12/10/2016,1252.30,1254.80,1257.50,1250.00,0.53
13/10/2016,1256.10,1254.00,1262.00,1253.70,0.42
14/10/2016,1254.00,1257.90,1257.90,1246.90,0.37
17/10/2016,1255.10,1250.50,1256.10,1249.80,0.12
18/10/2016,1261.50,1255.20,1263.30,1254.50,0.43
19/10/2016,1268.40,1262.40,1272.10,1260.00,0.62
20/10/2016,1266.10,1269.00,1274.20,1264.40,0.39
21/10/2016,1266.40,1263.40,1267.20,1261.00,0.26
24/10/2016,1262.40,1265.40,1270.70,1260.40,0.55
25/10/2016,1272.20,1263.80,1275.10,1263.80,0.45
26/10/2016,1265.20,1272.70,1275.10,1264.30,0.89
27/10/2016,1268.20,1265.00,1272.20,1265.00,0.34
28/10/2016,1276.80,1269.20,1285.40,1262.00,232.89
31/10/2016,1273.10,1278.30,1280.50,1271.90,123.70
01/11/2016,1288.00,1277.80,1292.90,1276.30,207.26
02/11/2016,1308.20,1289.00,1309.30,1288.40,241.70
03/11/2016,1303.30,1298.10,1308.00,1286.20,228.55
04/11/2016,1304.50,1303.20,1308.30,1295.70,217.45
07/11/2016,1279.40,1294.50,1296.50,1278.60,221.68
08/11/2016,1274.50,1282.20,1291.50,1273.30,202.50
09/11/2016,1273.50,1276.80,1338.30,1268.10,816.53
10/11/2016,1266.40,1278.40,1292.50,1251.90,413.56
11/11/2016,1224.30,1258.70,1265.00,1218.70,444.59
14/11/2016,1221.70,1227.70,1230.90,1211.00,351.97
15/11/2016,1224.50,1221.80,1231.40,1218.60,234.17
16/11/2016,1223.90,1228.00,1233.10,1221.00,204.45
17/11/2016,1216.90,1224.80,1231.10,1210.50,237.79
18/11/2016,1208.70,1216.00,1217.50,1201.30,257.11
21/11/2016,1209.80,1207.30,1217.80,1205.40,167.83
22/11/2016,1211.20,1213.50,1220.90,1205.60,210.55
23/11/2016,1189.30,1212.60,1214.70,1181.20,367.81
24/11/2016,1185.55,1189.20,1190.30,1179.75,0
25/11/2016,1178.40,1189.40,1192.70,1170.30,300.28
28/11/2016,1190.80,1184.40,1197.20,1182.40,189.91
29/11/2016,1189.30,1195.00,1196.00,1181.10,2.22
30/11/2016,1172.40,1188.70,1195.00,1169.70,2.32
01/12/2016,1168.10,1174.10,1177.00,1161.00,1.65
02/12/2016,1176.50,1173.20,1178.40,1167.20,1.35
05/12/2016,1175.20,1179.30,1188.50,1158.00,1.64
06/12/2016,1168.80,1170.90,1175.50,1167.00,0.57
07/12/2016,1176.20,1169.90,1180.70,1167.40,0.83
08/12/2016,1171.10,1174.90,1179.30,1169.80,0.57
09/12/2016,1160.60,1170.60,1172.10,1157.60,0.85
12/12/2016,1164.70,1158.00,1166.10,1151.40,1.09
13/12/2016,1157.80,1164.10,1165.20,1155.30,0.78
14/12/2016,1162.40,1158.10,1166.60,1140.70,1.40
15/12/2016,1128.60,1143.60,1144.20,1124.70,1.47
16/12/2016,1135.90,1129.60,1141.50,1127.50,1.72
19/12/2016,1141.00,1134.10,1142.10,1134.10,1.07
20/12/2016,1132.00,1138.50,1139.20,1126.60,0.82
21/12/2016,1131.60,1132.40,1136.80,1129.70,0.33
22/12/2016,1129.10,1131.60,1133.50,1127.70,0.20
23/12/2016,1132.00,1130.30,1135.30,1129.90,0.33
25/12/2016,1135.00,1135.00,1135.00,1135.00,0
26/12/2016,1134.55,1135.00,1136.05,1134.00,0
27/12/2016,1137.40,1134.20,1149.30,1132.70,0.97
28/12/2016,1139.20,1138.50,1143.00,1136.60,1.57
29/12/2016,1158.10,1143.10,1160.60,1142.60,158.03
30/12/2016,1151.70,1159.50,1164.30,1150.30,143.85
02/01/2017,1151.05,1151.00,1153.25,1150.00,0
03/01/2017,1162.00,1151.40,1166.00,1146.50,229.18
04/01/2017,1165.30,1159.60,1168.60,1156.70,179.88
05/01/2017,1181.30,1164.60,1185.90,1163.60,272.12
06/01/2017,1173.40,1181.00,1183.80,1171.10,226.43
09/01/2017,1184.90,1172.90,1186.40,1172.20,179.03
10/01/2017,1185.50,1181.30,1190.60,1180.20,224.81
11/01/2017,1196.60,1188.10,1198.50,1177.00,328.69
12/01/2017,1199.80,1191.10,1207.20,1190.70,269.32
13/01/2017,1196.20,1194.80,1201.80,1187.50,288.62
15/01/2017,1203.35,1197.30,1205.05,1197.30,0
16/01/2017,1202.85,1203.25,1208.45,1200.00,0
17/01/2017,1212.90,1199.40,1218.90,1198.00,381.42
18/01/2017,1212.10,1216.80,1217.70,1201.80,203.65
19/01/2017,1201.50,1203.10,1206.40,1195.40,247.40
20/01/2017,1204.90,1204.80,1214.80,1198.20,244.34
23/01/2017,1215.60,1209.30,1219.40,1209.00,237.41
24/01/2017,1210.80,1218.00,1220.10,1206.20,216.01
25/01/2017,1197.80,1208.60,1209.30,1192.60,299.18
26/01/2017,1189.80,1200.70,1202.30,1183.90,244.31
27/01/2017,1188.40,1188.50,1191.00,1179.70,234.35
30/01/2017,1194.50,1191.60,1199.90,1188.50,2.69
31/01/2017,1209.80,1195.90,1215.70,1194.50,2.63
01/02/2017,1206.90,1210.70,1212.60,1198.60,1.64
02/02/2017,1218.00,1209.90,1226.00,1209.50,2.45
03/02/2017,1219.60,1216.40,1221.70,1207.00,3.28
06/02/2017,1230.90,1220.70,1236.20,1219.50,1.75
07/02/2017,1234.90,1235.30,1236.20,1227.90,1.00
08/02/2017,1238.20,1234.10,1245.00,1230.50,1.17
09/02/2017,1235.70,1241.10,1244.60,1225.20,1.76
10/02/2017,1234.90,1228.60,1237.60,1221.70,1.43
13/02/2017,1224.80,1233.20,1233.20,1219.30,0.80
14/02/2017,1224.30,1225.40,1234.90,1221.70,1.11
15/02/2017,1231.90,1229.00,1233.00,1216.60,1.32
16/02/2017,1240.20,1234.10,1242.10,1232.20,1.04
17/02/2017,1237.80,1238.90,1243.30,1235.00,0.59
19/02/2017,1237.30,1236.00,1239.25,1236.00,0
20/02/2017,1238.20,1237.25,1240.15,1233.50,0
21/02/2017,1237.70,1235.40,1238.70,1226.00,1.16
22/02/2017,1232.10,1234.60,1240.70,1231.40,0.48
23/02/2017,1250.10,1237.50,1250.70,1235.80,1.32
24/02/2017,1256.80,1249.20,1259.40,1247.70,1.26
27/02/2017,1258.80,1258.90,1264.90,1251.50,208.49
28/02/2017,1253.90,1253.30,1259.30,1248.20,234.94
01/03/2017,1250.00,1248.50,1251.40,1237.20,318.04
02/03/2017,1232.90,1249.90,1250.80,1231.10,272.76
03/03/2017,1226.50,1234.80,1236.70,1223.00,272.29
06/03/2017,1225.50,1233.90,1237.30,1225.00,156.98
07/03/2017,1216.10,1225.70,1227.40,1214.10,203.71
08/03/2017,1209.40,1215.60,1218.50,1206.40,211.11
09/03/2017,1203.20,1207.70,1208.90,1199.00,233.51
10/03/2017,1201.40,1200.20,1206.20,1194.50,257.84
13/03/2017,1203.10,1205.00,1210.90,1202.00,173.92
14/03/2017,1202.60,1203.50,1207.50,1196.90,183.72
15/03/2017,1200.70,1198.70,1222.00,1196.80,264.34
16/03/2017,1227.10,1219.50,1234.00,1218.10,257.89
17/03/2017,1230.20,1226.20,1231.50,1224.00,153.15
20/03/2017,1234.00,1229.00,1235.50,1228.80,126.34
21/03/2017,1246.50,1234.20,1247.70,1226.60,285.63
22/03/2017,1249.70,1244.50,1251.50,1243.80,216.45
23/03/2017,1247.20,1248.60,1253.30,1242.70,234.77
24/03/2017,1248.50,1245.00,1251.90,1240.70,207.57
27/03/2017,1255.70,1245.50,1261.00,1245.50,237.27
28/03/2017,1255.60,1253.50,1258.40,1247.30,243.24
29/03/2017,1253.70,1250.80,1254.40,1246.90,190.68
30/03/2017,1246.50,1254.00,1254.60,1242.80,2.49
31/03/2017,1249.50,1242.80,1250.60,1240.60,2.13
03/04/2017,1252.30,1248.50,1254.20,1244.80,1.11
04/04/2017,1256.70,1254.80,1261.70,1254.50,1.39
05/04/2017,1246.90,1256.40,1257.30,1244.00,1.25
06/04/2017,1251.70,1256.50,1259.20,1250.00,0.65
07/04/2017,1255.60,1251.80,1271.20,1251.40,1.55
10/04/2017,1252.30,1254.00,1256.80,1247.00,0.70
11/04/2017,1272.50,1255.00,1275.10,1253.50,1.10
12/04/2017,1276.40,1274.00,1287.30,1273.00,0.93
13/04/2017,1286.80,1286.10,1288.70,1282.30,0.63
14/04/2017,1289.65,1289.65,1289.65,1289.65,0
17/04/2017,1290.20,1290.50,1295.30,1281.50,0.79
18/04/2017,1292.40,1284.80,1292.10,1278.90,0.61
19/04/2017,1281.70,1289.70,1290.80,1273.80,0.63
20/04/2017,1282.10,1279.40,1282.70,1277.20,0.33
21/04/2017,1287.40,1281.80,1288.10,1278.90,0.74
24/04/2017,1275.90,1280.90,1280.90,1265.00,0.82
25/04/2017,1265.40,1276.20,1278.10,1261.60,1.39
26/04/2017,1262.10,1263.80,1269.50,1259.60,1.16
27/04/2017,1265.90,1270.20,1271.10,1261.80,210.73
28/04/2017,1268.30,1265.20,1269.90,1264.20,173.29
01/05/2017,1255.50,1269.60,1272.40,1254.90,199.78
02/05/2017,1257.00,1257.40,1258.80,1252.60,181.51
03/05/2017,1248.50,1257.80,1257.80,1236.40,253.65
04/05/2017,1228.60,1238.50,1241.70,1225.70,318.32
05/05/2017,1226.90,1228.50,1236.00,1226.20,275.89
08/05/2017,1227.10,1223.10,1236.90,1221.00,201.06
09/05/2017,1216.10,1226.60,1228.70,1214.30,254.02
10/05/2017,1218.90,1222.10,1225.80,1217.50,194.72
11/05/2017,1224.20,1219.20,1227.70,1216.90,237.71
12/05/2017,1227.70,1225.00,1231.60,1224.40,199.88
15/05/2017,1230.00,1228.30,1237.40,1226.80,189.23
16/05/2017,1236.40,1230.80,1239.10,1230.00,204.21
17/05/2017,1258.70,1237.20,1261.50,1236.30,377.87
18/05/2017,1252.80,1261.40,1265.00,1245.70,368.90
19/05/2017,1253.60,1246.80,1256.40,1246.10,212.92
22/05/2017,1261.40,1257.50,1262.60,1251.60,205.21
23/05/2017,1255.50,1260.40,1263.80,1250.50,275.11
24/05/2017,1253.10,1251.10,1258.80,1247.60,257.36
25/05/2017,1256.40,1258.40,1259.40,1253.50,202.85
26/05/2017,1268.10,1255.10,1269.30,1252.60,271.46
28/05/2017,1268.22,1266.31,1269.02,1266.31,0
29/05/2017,1266.69,1268.02,1268.60,1264.96,0
30/05/2017,1263.80,1269.80,1271.50,1260.20,2.14
31/05/2017,1273.60,1263.90,1274.30,1260.20,0.78
01/06/2017,1268.30,1269.90,1270.60,1262.00,0.68
02/06/2017,1278.40,1266.80,1280.20,1260.00,1.31
05/06/2017,1280.70,1280.20,1283.00,1278.50,0.52
06/06/2017,1295.20,1280.50,1296.30,1280.20,0.95
07/06/2017,1290.90,1294.50,1294.90,1283.50,0.72
08/06/2017,1277.50,1286.40,1288.90,1271.40,0.81
09/06/2017,1269.50,1281.20,1281.20,1264.80,0.77
12/06/2017,1267.20,1266.70,1270.40,1264.00,1.05
13/06/2017,1266.90,1265.70,1269.20,1258.70,0.92
14/06/2017,1274.20,1267.00,1281.80,1257.50,1.29
15/06/2017,1253.00,1260.50,1266.70,1251.70,0.59
16/06/2017,1255.10,1254.70,1257.10,1252.00,0.62
19/06/2017,1245.30,1254.40,1255.60,1243.00,0.91
20/06/2017,1242.10,1243.50,1247.20,1241.30,0.40
21/06/2017,1244.20,1244.10,1247.10,1241.00,0.85
22/06/2017,1247.90,1245.00,1253.60,1245.00,0.55
23/06/2017,1254.80,1249.90,1263.00,1249.30,0.68
26/06/2017,1244.90,1257.20,1257.20,1235.00,0.79
27/06/2017,1245.30,1242.00,1251.60,1240.60,0.52
28/06/2017,1247.50,1246.70,1253.00,1246.50,0.37
29/06/2017,1245.80,1249.60,1253.20,1239.70,277.75
30/06/2017,1242.30,1245.20,1248.20,1239.00,222.76
03/07/2017,1219.20,1241.70,1242.60,1218.00,284.45
04/07/2017,1227.55,1224.30,1228.03,1221.49,0
05/07/2017,1221.70,1220.10,1228.40,1216.50,366.77
06/07/2017,1223.30,1226.50,1229.50,1221.80,192.21
07/07/2017,1209.70,1224.60,1228.10,1206.60,322.18
10/07/2017,1213.20,1212.10,1215.00,1204.00,238.26
11/07/2017,1214.70,1213.80,1217.10,1207.40,217.24
12/07/2017,1219.10,1216.50,1225.20,1212.50,262.77
13/07/2017,1217.30,1219.20,1223.60,1215.60,227.82
14/07/2017,1227.50,1216.40,1232.70,1214.00,267.44
17/07/2017,1233.70,1228.70,1235.40,1227.50,174.90
18/07/2017,1241.90,1233.30,1244.10,1232.20,253.19
19/07/2017,1242.00,1242.00,1243.50,1235.10,198.03
20/07/2017,1245.50,1240.60,1247.20,1234.60,269.02
21/07/2017,1254.90,1244.10,1255.90,1242.80,240.53
24/07/2017,1254.30,1255.50,1259.00,1252.00,212.88
25/07/2017,1252.10,1255.20,1258.00,1248.80,230.39
26/07/2017,1249.40,1250.30,1263.40,1243.20,256.12
27/07/2017,1260.00,1260.50,1265.00,1253.90,220.31
28/07/2017,1270.20,1260.40,1271.80,1258.70,2.10
31/07/2017,1268.90,1272.00,1272.20,1267.40,1.71
01/08/2017,1275.20,1270.40,1276.10,1264.30,0.90
02/08/2017,1274.20,1270.70,1274.50,1264.80,0.82
03/08/2017,1270.20,1268.30,1272.00,1258.80,1.10
04/08/2017,1260.20,1270.20,1272.00,1256.00,1.05
07/08/2017,1260.20,1260.00,1260.90,1257.00,0.39
08/08/2017,1257.90,1258.50,1266.00,1252.60,1.00
09/08/2017,1274.60,1261.60,1279.50,1261.60,1.30
10/08/2017,1285.10,1278.60,1288.50,1275.60,1.43
11/08/2017,1289.00,1288.00,1292.90,1282.30,1.28
14/08/2017,1285.30,1290.90,1290.90,1279.20,0.73
15/08/2017,1274.70,1282.30,1282.30,1267.90,0.87
16/08/2017,1277.90,1271.70,1284.30,1268.70,0.64
17/08/2017,1287.30,1288.80,1288.80,1288.80,1.41
18/08/2017,1286.50,1288.80,1301.50,1284.10,1.20
21/08/2017,1291.50,1283.90,1293.50,1281.20,0.59
22/08/2017,1285.60,1291.60,1292.20,1281.90,0.73
23/08/2017,1289.00,1285.10,1290.70,1283.10,0.53
24/08/2017,1286.50,1290.60,1290.60,1284.90,0.69
25/08/2017,1292.60,1285.70,1294.50,1276.00,0.58
28/08/2017,1309.80,1292.20,1312.20,1292.00,0.79
29/08/2017,1313.10,1313.00,1325.00,1305.70,1.18
30/08/2017,1310.40,1311.40,1315.00,1306.40,13.33
31/08/2017,1318.50,1310.40,1325.10,1298.60,14.13
01/09/2017,1326.60,1323.00,1330.80,1317.90,10.11
03/09/2017,1341.22,1340.54,1342.07,1338.96,0
04/09/2017,1338.08,1341.21,1344.59,1337.01,0
05/09/2017,1340.60,1338.00,1345.60,1327.40,10.86
06/09/2017,1335.20,1341.00,1343.50,1332.70,8.85
07/09/2017,1346.50,1334.70,1351.60,1333.50,7.03
08/09/2017,1347.30,1349.90,1358.50,1343.20,8.97
11/09/2017,1331.80,1338.80,1340.00,1326.80,7.71
12/09/2017,1328.80,1328.30,1332.20,1322.90,8.13
13/09/2017,1324.20,1332.90,1336.10,1320.60,6.25
14/09/2017,1325.40,1323.70,1331.00,1315.70,4.77
15/09/2017,1321.30,1331.70,1334.30,1319.50,4.92
18/09/2017,1306.90,1319.90,1320.10,1304.30,10.63
19/09/2017,1306.70,1307.60,1311.30,1304.90,5.93
20/09/2017,1312.50,1310.70,1315.70,1295.60,9.67
21/09/2017,1290.60,1300.70,1303.80,1286.80,30.19
22/09/2017,1293.30,1291.00,1297.10,1290.80,3.74
25/09/2017,1307.10,1296.80,1311.20,1288.00,12.53
26/09/2017,1297.70,1309.60,1312.50,1291.60,20.05
27/09/2017,1284.10,1293.30,1295.00,1280.90,19.49
28/09/2017,1286.50,1284.00,1288.80,1279.40,0.74
29/09/2017,1282.70,1287.50,1290.50,1279.80,0.91
02/10/2017,1274.10,1278.00,1278.50,1271.90,0.90
03/10/2017,1273.10,1272.60,1275.50,1269.20,0.57
04/10/2017,1275.20,1272.60,1282.80,1271.70,0.82
05/10/2017,1271.40,1274.80,1279.70,1266.80,0.90
06/10/2017,1273.10,1269.30,1276.70,1261.30,0.47
09/10/2017,1283.20,1276.30,1285.70,1276.30,0.21
10/10/2017,1292.10,1284.90,1294.50,1283.20,0.44
11/10/2017,1287.30,1288.50,1294.10,1285.50,0.75
12/10/2017,1294.70,1292.80,1297.90,1290.60,0.52
13/10/2017,1302.90,1294.70,1304.10,1292.10,0.53
16/10/2017,1301.20,1303.90,1306.20,1291.90,0.78
17/10/2017,1284.40,1296.00,1296.00,1282.30,0.78
18/10/2017,1281.20,1285.00,1288.50,1277.50,0.49
19/10/2017,1288.10,1280.40,1289.70,1277.00,0.51
20/10/2017,1278.60,1290.00,1290.60,1278.30,0.56
23/10/2017,1278.80,1277.00,1282.20,1272.30,1.15
24/10/2017,1275.80,1280.70,1282.20,1272.70,0.45
25/10/2017,1276.30,1275.90,1277.90,1269.60,0.57
26/10/2017,1266.80,1276.60,1280.50,1264.20,0.27
27/10/2017,1268.20,1264.40,1270.20,1261.80,0.57
30/10/2017,1277.70,1274.30,1279.90,1269.80,260.08
31/10/2017,1270.50,1277.60,1279.10,1268.30,272.51
01/11/2017,1277.30,1271.80,1281.90,1268.50,384.64
02/11/2017,1278.10,1275.20,1285.10,1274.00,380.14
03/11/2017,1269.20,1277.50,1281.20,1265.90,373.41
06/11/2017,1281.60,1270.70,1283.90,1266.40,354.77
07/11/2017,1275.80,1282.60,1282.80,1272.30,337.27
08/11/2017,1283.70,1276.40,1288.10,1276.10,358.13
09/11/2017,1287.50,1282.10,1289.50,1280.50,394.18
10/11/2017,1274.20,1286.00,1287.70,1273.60,354.58
13/11/2017,1278.90,1275.30,1279.90,1274.40,220.91
14/11/2017,1282.90,1278.90,1283.80,1269.70,355.20
15/11/2017,1277.70,1280.70,1290.00,1276.50,433.65
16/11/2017,1278.20,1278.00,1281.80,1274.90,274.43
17/11/2017,1296.50,1278.80,1297.50,1278.10,387.02
20/11/2017,1275.30,1294.10,1295.10,1274.10,425.16
21/11/2017,1281.70,1276.60,1284.50,1275.80,330.15
22/11/2017,1292.20,1280.60,1294.60,1278.60,390.31
23/11/2017,1291.66,1291.19,1293.87,1287.65,0
24/11/2017,1287.30,1291.90,1293.30,1285.10,347.03
27/11/2017,1294.40,1288.00,1299.00,1286.20,321.35
28/11/2017,1294.90,1293.90,1297.00,1290.10,275.44
29/11/2017,1283.70,1294.40,1297.30,1282.80,1.84
30/11/2017,1274.80,1284.50,1286.00,1271.30,1.61
01/12/2017,1280.20,1276.00,1290.00,1272.70,2.52
04/12/2017,1275.50,1278.90,1278.90,1271.50,1.15
05/12/2017,1263.00,1277.00,1277.70,1261.40,1.39
06/12/2017,1264.30,1266.30,1269.70,1263.50,0.57
07/12/2017,1251.40,1263.90,1263.90,1244.50,1.01
08/12/2017,1246.50,1247.40,1252.00,1243.10,0.63
11/12/2017,1245.10,1248.70,1251.40,1240.70,0.49
12/12/2017,1239.80,1241.90,1245.60,1236.50,0.80
13/12/2017,1246.90,1244.00,1257.50,1240.80,1.00
14/12/2017,1255.30,1255.60,1259.70,1251.10,0.54
15/12/2017,1255.80,1254.40,1262.40,1254.00,0.87
18/12/2017,1263.70,1254.90,1265.20,1254.90,0.28
19/12/2017,1262.40,1262.30,1266.50,1260.80,0.58
20/12/2017,1267.80,1263.10,1269.40,1262.90,0.43
21/12/2017,1268.80,1267.70,1270.50,1265.50,0.39
22/12/2017,1277.00,1268.10,1278.50,1267.30,0.50
25/12/2017,1277.90,1278.90,1279.50,1277.90,0
26/12/2017,1285.50,1276.20,1286.10,1276.20,0.38
27/12/2017,1288.30,1285.00,1290.00,1283.70,0.46
28/12/2017,1297.20,1292.00,1297.30,1290.50,225.66
29/12/2017,1309.30,1297.50,1309.80,1296.10,241.27
01/01/2018,1308.70,1305.80,1309.70,1304.60,0
02/01/2018,1316.10,1305.30,1320.40,1304.60,279.73
03/01/2018,1318.50,1319.00,1323.00,1308.90,353.46
04/01/2018,1321.60,1315.50,1327.30,1307.10,369.85
05/01/2018,1322.30,1324.40,1324.70,1314.60,330.23
08/01/2018,1320.40,1321.80,1323.00,1315.70,246.09
09/01/2018,1313.70,1321.20,1321.40,1309.50,333.53
10/01/2018,1319.30,1313.30,1328.60,1308.90,391.66
11/01/2018,1322.50,1317.50,1324.70,1316.10,264.30
12/01/2018,1334.90,1323.60,1340.00,1320.80,365.20
14/01/2018,1337.40,1337.70,1338.60,1336.40,0
15/01/2018,1341.80,1337.30,1344.90,1337.00,0
16/01/2018,1337.10,1337.30,1345.00,1332.10,499.76
17/01/2018,1339.20,1339.00,1344.50,1326.60,365.87
18/01/2018,1327.20,1327.40,1333.30,1324.30,312.11
19/01/2018,1333.10,1327.00,1338.20,1326.60,275.30
22/01/2018,1331.90,1334.00,1335.80,1328.00,337.48
23/01/2018,1336.70,1333.00,1341.50,1330.70,370.17
24/01/2018,1356.30,1341.40,1361.60,1339.10,505.63
25/01/2018,1362.90,1357.00,1365.40,1341.00,537.66
26/01/2018,1352.10,1346.40,1356.00,1343.70,341.96
29/01/2018,1340.30,1349.00,1351.40,1336.10,280.55
30/01/2018,1337.20,1341.70,1349.50,1334.70,1.88
31/01/2018,1340.40,1337.70,1348.00,1333.00,1.25
01/02/2018,1345.00,1344.70,1351.30,1337.80,1.29
02/02/2018,1334.60,1348.30,1350.10,1327.30,2.12
05/02/2018,1333.80,1332.70,1341.50,1329.20,0.87
06/02/2018,1326.90,1339.20,1346.20,1321.10,1.48
07/02/2018,1312.20,1324.80,1332.20,1311.20,1.57
08/02/2018,1316.50,1318.10,1321.60,1307.10,1.59
09/02/2018,1313.30,1319.60,1321.90,1310.90,0.96
12/02/2018,1324.00,1316.20,1326.10,1316.10,0.75
13/02/2018,1328.00,1323.00,1330.50,1321.60,0.51
14/02/2018,1355.60,1330.10,1356.00,1317.50,1.29
15/02/2018,1352.90,1350.50,1357.00,1348.60,0.76
16/02/2018,1353.70,1353.70,1361.20,1345.40,0.63
18/02/2018,1350.50,1349.70,1352.40,1349.70,0
19/02/2018,1347.80,1350.40,1353.90,1347.40,0
20/02/2018,1328.90,1349.60,1350.80,1328.70,1.09
21/02/2018,1329.80,1329.60,1335.90,1322.20,1.08
22/02/2018,1330.40,1324.40,1331.40,1320.40,0.92
23/02/2018,1327.90,1330.90,1330.90,1325.80,0.40
26/02/2018,1330.30,1327.70,1339.90,1326.70,0.65
27/02/2018,1318.60,1334.70,1338.40,1314.40,334.72
28/02/2018,1317.90,1318.90,1323.70,1316.70,263.80
01/03/2018,1305.20,1319.30,1322.30,1303.60,421.74
02/03/2018,1323.40,1318.00,1326.60,1316.20,264.39
05/03/2018,1319.90,1324.90,1328.90,1318.30,221.22
06/03/2018,1335.20,1321.00,1339.90,1320.80,285.92
07/03/2018,1327.60,1339.50,1342.00,1323.00,305.08
08/03/2018,1321.70,1326.20,1329.80,1319.60,252.83
09/03/2018,1324.00,1322.70,1325.90,1313.20,345.32
12/03/2018,1320.80,1324.10,1325.00,1315.30,220.36
13/03/2018,1327.10,1323.30,1328.80,1313.80,330.26
14/03/2018,1325.60,1326.70,1330.50,1321.70,252.58
15/03/2018,1317.80,1324.70,1328.10,1314.90,257.89
16/03/2018,1312.30,1316.80,1321.80,1309.50,289.60
19/03/2018,1317.80,1312.90,1319.60,1307.40,300.47
20/03/2018,1311.90,1316.50,1318.10,1306.60,292.33
21/03/2018,1321.50,1310.60,1336.90,1309.50,470.29
22/03/2018,1327.40,1332.00,1335.00,1324.60,358.56
23/03/2018,1349.90,1329.00,1350.40,1328.90,454.13
26/03/2018,1355.00,1347.00,1356.00,1343.40,346.05
27/03/2018,1342.00,1353.60,1356.80,1339.60,290.89
28/03/2018,1326.90,1347.30,1348.80,1325.00,2.83
29/03/2018,1324.30,1325.80,1329.20,1322.40,1.30
02/04/2018,1343.90,1326.60,1345.50,1326.40,0.89
03/04/2018,1334.20,1341.50,1343.20,1329.70,0.70
04/04/2018,1337.10,1333.00,1348.70,1332.90,1.23
05/04/2018,1325.50,1333.60,1335.20,1323.00,0.59
06/04/2018,1333.10,1327.90,1335.90,1319.80,0.64
09/04/2018,1337.10,1335.10,1338.30,1327.60,0.55
10/04/2018,1342.90,1336.90,1342.70,1331.30,0.39
11/04/2018,1356.90,1339.60,1365.80,1339.60,1.78
12/04/2018,1338.70,1353.00,1353.30,1333.60,0.90
13/04/2018,1344.70,1335.30,1346.30,1333.20,0.80
16/04/2018,1347.50,1346.50,1350.20,1339.80,0.32
17/04/2018,1346.30,1347.50,1348.00,1337.40,0.40
18/04/2018,1350.20,1345.10,1355.20,1342.20,0.62
19/04/2018,1345.40,1348.80,1354.00,1340.00,0.43
20/04/2018,1334.90,1344.60,1344.70,1333.80,0.31
23/04/2018,1320.60,1331.10,1333.60,1320.70,0.42
24/04/2018,1329.70,1323.20,1330.70,1321.30,0.54
25/04/2018,1319.50,1328.60,1329.90,1317.20,0.62
26/04/2018,1314.60,1320.70,1324.00,1314.60,0.57
27/04/2018,1323.40,1318.00,1326.40,1315.80,241.65
30/04/2018,1319.20,1324.00,1325.90,1310.70,295.96
01/05/2018,1306.80,1316.00,1317.40,1302.30,283.43
02/05/2018,1305.60,1304.40,1314.90,1304.30,370.24
03/05/2018,1312.70,1305.50,1319.00,1305.20,306.72
04/05/2018,1314.70,1312.80,1316.90,1308.50,308.48
07/05/2018,1314.10,1316.30,1320.10,1310.60,235.29
08/05/2018,1313.70,1314.10,1318.50,1306.20,407.41
09/05/2018,1313.00,1315.30,1317.80,1304.20,384.04
10/05/2018,1322.30,1312.80,1323.40,1310.60,373.54
11/05/2018,1320.70,1321.80,1326.30,1317.00,263.47
14/05/2018,1318.20,1318.30,1322.40,1312.80,241.23
15/05/2018,1290.30,1313.20,1314.70,1288.20,485.20
16/05/2018,1291.50,1290.10,1296.40,1285.70,333.61
17/05/2018,1289.40,1290.20,1294.00,1284.00,298.82
18/05/2018,1291.30,1290.00,1293.70,1285.10,264.43
21/05/2018,1290.90,1290.30,1292.70,1281.20,328.02
22/05/2018,1292.00,1292.30,1296.00,1287.20,291.72
23/05/2018,1289.60,1290.60,1298.40,1286.70,402.34
24/05/2018,1304.40,1293.30,1306.40,1292.20,432.42
25/05/2018,1303.70,1304.00,1307.20,1299.40,292.91
27/05/2018,1298.30,1299.80,1299.90,1296.10,0
28/05/2018,1297.60,1298.40,1299.70,1294.70,0
29/05/2018,1299.00,1299.00,1306.10,1291.40,386.33
30/05/2018,1304.50,1300.70,1306.60,1298.10,1.75
31/05/2018,1302.60,1304.20,1309.20,1298.80,1.08
01/06/2018,1297.10,1301.30,1301.80,1291.10,0.92
04/06/2018,1295.10,1294.90,1299.70,1291.80,0.54
05/06/2018,1299.90,1294.20,1302.50,1291.20,0.77
06/06/2018,1299.20,1298.60,1303.20,1295.90,0.69
07/06/2018,1300.70,1298.60,1305.10,1296.90,0.39
08/06/2018,1300.50,1299.40,1302.20,1295.00,0.45
11/06/2018,1301.00,1300.70,1304.60,1296.00,0.40
12/06/2018,1297.20,1301.50,1301.80,1294.20,0.48
13/06/2018,1299.20,1297.20,1302.70,1292.70,0.63
14/06/2018,1306.20,1300.40,1310.80,1298.90,0.72
15/06/2018,1276.30,1304.20,1304.50,1276.00,1.53
18/06/2018,1278.00,1279.00,1282.60,1277.60,0.42
19/06/2018,1276.50,1278.60,1284.10,1271.10,0.45
20/06/2018,1272.40,1275.20,1276.00,1267.50,0.47
21/06/2018,1268.60,1268.50,1269.90,1261.80,0.75
22/06/2018,1268.90,1267.40,1270.50,1266.60,0.51
25/06/2018,1267.20,1271.00,1272.30,1264.60,0.29
26/06/2018,1258.00,1266.40,1266.50,1255.00,0.50
27/06/2018,1253.00,1258.20,1259.00,1249.50,1.16
28/06/2018,1251.00,1253.60,1255.80,1247.20,241.82
29/06/2018,1254.50,1249.50,1257.10,1246.90,226.20
02/07/2018,1241.70,1253.40,1255.60,1240.60,262.87
03/07/2018,1253.50,1242.90,1258.50,1238.80,297.34
04/07/2018,1258.10,1256.20,1262.40,1255.30,0
05/07/2018,1258.80,1253.50,1262.40,1252.20,392.95
06/07/2018,1255.80,1258.40,1260.20,1253.70,200.19
09/07/2018,1259.60,1255.70,1266.90,1255.70,238.97
10/07/2018,1255.40,1258.50,1261.00,1247.70,272.63
11/07/2018,1244.40,1256.70,1257.30,1241.70,299.64
12/07/2018,1246.60,1242.30,1248.80,1241.40,220.96
13/07/2018,1241.20,1247.70,1248.50,1236.20,257.31
16/07/2018,1239.70,1241.00,1245.80,1238.30,186.30
17/07/2018,1227.30,1240.80,1245.10,1225.90,318.22
18/07/2018,1227.90,1227.00,1229.10,1220.90,283.98
19/07/2018,1224.00,1227.30,1229.60,1210.70,428.88
20/07/2018,1231.10,1222.90,1232.40,1215.30,355.23
23/07/2018,1225.60,1231.70,1235.20,1222.20,333.33
24/07/2018,1225.50,1224.40,1229.70,1218.10,299.06
25/07/2018,1231.80,1224.20,1234.30,1223.20,272.25
26/07/2018,1225.70,1231.70,1235.30,1221.70,285.61
27/07/2018,1223.00,1222.40,1226.90,1216.70,254.43
30/07/2018,1224.20,1225.80,1227.10,1221.70,1.69
31/07/2018,1226.40,1223.50,1230.60,1215.80,1.10
01/08/2018,1220.30,1225.60,1226.50,1217.20,0.89
02/08/2018,1212.90,1218.70,1222.60,1208.40,1.62
03/08/2018,1215.90,1209.30,1221.10,1205.30,1.00
06/08/2018,1210.60,1215.20,1218.70,1207.50,0.70
07/08/2018,1211.20,1209.20,1216.90,1209.00,1.06
08/08/2018,1214.20,1211.50,1216.40,1207.00,0.63
09/08/2018,1213.00,1214.30,1218.20,1212.00,0.51
10/08/2018,1212.10,1212.90,1217.70,1206.50,0.82
13/08/2018,1192.20,1211.60,1214.50,1191.80,1.54
14/08/2018,1194.00,1194.50,1199.00,1192.50,0.79
15/08/2018,1178.20,1194.20,1194.80,1173.20,1.13
16/08/2018,1177.10,1175.80,1181.70,1160.40,1.35
17/08/2018,1177.30,1173.70,1184.70,1172.10,0.54
20/08/2018,1187.80,1183.90,1190.30,1182.90,0.25
21/08/2018,1193.20,1190.60,1197.00,1187.70,0.47
22/08/2018,1196.40,1196.00,1201.10,1193.00,0.38
23/08/2018,1187.20,1196.10,1196.50,1183.50,0.48
24/08/2018,1206.30,1185.30,1207.90,1183.00,0.59
27/08/2018,1209.20,1206.30,1211.50,1202.30,0.73
28/08/2018,1207.50,1210.90,1213.80,1199.60,1.22
29/08/2018,1204.20,1200.90,1205.80,1200.90,0.82
30/08/2018,1200.00,1207.70,1209.00,1197.20,5.16
31/08/2018,1201.60,1201.50,1209.70,1199.10,5.65
02/09/2018,1204.90,1206.20,1206.60,1204.50,0
03/09/2018,1206.30,1204.90,1209.60,1201.30,0
04/09/2018,1194.00,1201.10,1204.50,1190.00,10.11
05/09/2018,1196.10,1192.00,1198.90,1191.60,6.88
06/09/2018,1199.00,1197.00,1207.40,1195.70,10.08
07/09/2018,1195.10,1200.30,1203.50,1193.50,8.27
10/09/2018,1194.50,1195.40,1198.50,1190.90,6.24
11/09/2018,1196.80,1195.40,1199.50,1187.40,6.84
12/09/2018,1205.50,1197.70,1208.30,1192.40,5.02
13/09/2018,1202.80,1207.00,1212.40,1200.00,13.99
14/09/2018,1196.20,1201.80,1208.50,1192.90,6.82
17/09/2018,1201.20,1194.70,1205.00,1193.00,6.10
18/09/2018,1198.50,1201.90,1203.50,1196.10,4.13
19/09/2018,1203.90,1198.40,1206.40,1198.30,6.80
20/09/2018,1206.60,1204.40,1208.50,1201.00,7.49
21/09/2018,1196.60,1207.40,1210.80,1191.80,6.85
24/09/2018,1199.60,1199.50,1203.90,1194.10,9.70
25/09/2018,1199.70,1198.10,1202.50,1196.60,14.90
26/09/2018,1194.40,1200.30,1201.30,1190.00,17.86
27/09/2018,1185.50,1196.80,1200.40,1184.20,0.34
28/09/2018,1193.90,1184.60,1194.30,1182.60,0.41
01/10/2018,1189.40,1193.90,1193.90,1186.50,0.21
02/10/2018,1204.20,1191.30,1209.10,1190.10,0.80
03/10/2018,1200.10,1204.40,1209.10,1198.10,0.21
04/10/2018,1198.80,1198.30,1207.60,1197.20,0.15
05/10/2018,1202.80,1200.70,1205.90,1199.00,0.20
08/10/2018,1185.80,1204.60,1204.60,1184.60,0.32
09/10/2018,1188.80,1189.60,1192.50,1184.00,0.20
10/10/2018,1190.80,1189.90,1195.30,1186.00,0.29
11/10/2018,1225.10,1195.30,1227.00,1192.30,0.98
12/10/2018,1219.50,1224.40,1224.40,1217.10,0.30
15/10/2018,1227.80,1218.20,1234.30,1218.20,0.34
16/10/2018,1228.40,1228.00,1233.40,1224.50,0.34
17/10/2018,1224.80,1226.40,1230.00,1221.60,0.21
18/10/2018,1227.40,1222.80,1230.20,1219.50,0.25
19/10/2018,1226.00,1226.70,1231.20,1223.70,0.12
22/10/2018,1222.00,1227.90,1228.50,1220.50,0.12
23/10/2018,1234.10,1223.10,1240.30,1222.70,0.34
24/10/2018,1228.40,1230.70,1235.30,1225.90,0.37
25/10/2018,1229.50,1233.90,1238.40,1227.90,0.32
26/10/2018,1232.40,1229.80,1242.60,1229.80,0.28
29/10/2018,1224.70,1232.60,1232.70,1223.60,0.21
30/10/2018,1225.30,1231.90,1232.50,1221.40,224.64
31/10/2018,1215.00,1224.70,1225.00,1213.40,247.06
01/11/2018,1238.60,1216.60,1239.30,1216.10,313.45
02/11/2018,1233.30,1235.30,1238.40,1231.30,256.02
05/11/2018,1232.30,1234.50,1236.80,1228.40,159.43
06/11/2018,1226.30,1233.40,1237.80,1224.90,199.67
07/11/2018,1228.70,1228.90,1238.40,1224.20,259.29
08/11/2018,1225.10,1227.70,1228.50,1220.80,239.02
09/11/2018,1208.60,1224.30,1224.60,1207.20,322.35
12/11/2018,1203.50,1210.30,1212.00,1200.60,203.64
13/11/2018,1201.40,1201.10,1205.50,1196.60,248.93
14/11/2018,1210.10,1202.80,1217.20,1198.10,277.87
15/11/2018,1215.00,1211.80,1217.00,1207.10,253.57
16/11/2018,1223.00,1214.40,1226.00,1213.70,242.04
19/11/2018,1225.30,1222.60,1226.50,1218.50,198.39
20/11/2018,1221.20,1224.60,1229.50,1220.30,255.20
21/11/2018,1228.00,1222.40,1230.90,1220.10,227.21
22/11/2018,1228.00,1226.40,1229.70,1225.50,0
23/11/2018,1223.20,1226.80,1229.70,1220.30,240.35
26/11/2018,1222.40,1223.90,1228.60,1221.70,267.32
27/11/2018,1213.40,1222.60,1225.20,1211.40,307.89
28/11/2018,1223.60,1214.30,1227.70,1210.50,247.17
29/11/2018,1227.90,1224.20,1232.20,1224.20,1.71
30/11/2018,1223.60,1227.50,1228.60,1219.40,0.60
03/12/2018,1236.90,1225.40,1237.40,1224.20,0.94
04/12/2018,1243.30,1233.40,1244.50,1233.40,1.84
05/12/2018,1239.10,1240.80,1241.10,1236.40,1.12
06/12/2018,1239.70,1240.60,1246.10,1236.90,1.64
07/12/2018,1248.20,1239.10,1251.40,1239.10,1.56
10/12/2018,1244.90,1251.40,1251.80,1242.60,1.59
11/12/2018,1242.80,1245.70,1250.50,1242.30,0.50
12/12/2018,1246.10,1244.90,1247.50,1243.70,0.43
13/12/2018,1243.70,1245.50,1247.50,1241.20,0.33
14/12/2018,1237.90,1242.30,1243.20,1233.10,0.38
17/12/2018,1248.20,1236.30,1248.30,1236.30,0.24
18/12/2018,1250.10,1246.30,1250.40,1246.10,0.23
19/12/2018,1252.60,1250.00,1258.20,1241.60,0.60
20/12/2018,1263.90,1244.30,1265.70,1242.30,0.77
21/12/2018,1254.60,1260.60,1262.00,1254.20,0.66
24/12/2018,1267.90,1258.40,1269.60,1258.20,0.74
25/12/2018,1270.75,1272.50,1274.55,1270.65,0
26/12/2018,1269.00,1268.50,1278.10,1263.80,0.40
27/12/2018,1277.40,1265.30,1277.50,1265.30,0.48
28/12/2018,1283.00,1278.00,1284.70,1276.50,162.73
31/12/2018,1281.30,1283.00,1286.50,1279.70,113.26
01/01/2019,1283.35,1284.70,1284.75,1282.85,0
02/01/2019,1284.10,1285.00,1291.00,1280.60,235.33
03/01/2019,1294.80,1288.50,1296.90,1286.40,244.54
04/01/2019,1285.80,1296.50,1300.40,1278.10,316.06
07/01/2019,1289.90,1287.00,1297.00,1284.10,204.68
08/01/2019,1285.90,1289.90,1291.40,1280.20,221.92
09/01/2019,1292.00,1286.10,1295.00,1280.90,245.97
10/01/2019,1287.40,1294.70,1298.00,1286.70,239.92
11/01/2019,1289.50,1287.60,1295.70,1287.00,210.64
14/01/2019,1291.30,1288.00,1296.60,1287.70,221.89
15/01/2019,1288.40,1292.40,1294.80,1286.50,242.07
16/01/2019,1293.80,1289.60,1295.40,1287.60,181.39
17/01/2019,1292.30,1293.90,1295.00,1288.30,191.98
18/01/2019,1282.60,1291.90,1292.20,1280.10,225.57
20/01/2019,1282.05,1281.30,1282.70,1280.50,0
21/01/2019,1279.05,1281.95,1282.95,1276.15,0
22/01/2019,1283.40,1280.70,1285.00,1276.00,318.85
23/01/2019,1284.00,1284.60,1286.00,1277.70,217.13
24/01/2019,1279.80,1282.30,1283.90,1275.30,225.77
25/01/2019,1298.10,1280.10,1303.40,1278.90,303.84
28/01/2019,1303.10,1302.30,1303.70,1296.50,243.07
29/01/2019,1308.90,1302.50,1310.80,1301.70,213.61
30/01/2019,1312.80,1313.40,1326.80,1311.10,2.84
31/01/2019,1322.30,1321.80,1328.00,1319.40,1.43
01/02/2019,1319.30,1323.20,1325.10,1317.80,1.16
04/02/2019,1316.60,1319.60,1320.20,1310.00,0.98
05/02/2019,1316.50,1313.50,1318.20,1312.20,0.28
06/02/2019,1311.70,1316.40,1316.90,1307.40,0.56
07/02/2019,1311.60,1308.00,1313.00,1304.00,0.98
08/02/2019,1315.90,1311.30,1316.60,1309.40,0.43
11/02/2019,1309.20,1315.50,1315.50,1304.60,0.52
12/02/2019,1311.30,1307.60,1315.40,1307.60,0.46
13/02/2019,1312.40,1311.70,1318.70,1305.50,0.83
14/02/2019,1311.30,1307.50,1314.60,1302.70,0.87
15/02/2019,1319.10,1312.70,1322.20,1312.20,1.03
17/02/2019,1324.25,1324.65,1324.95,1323.85,0
18/02/2019,1329.55,1324.35,1330.75,1324.05,0
19/02/2019,1340.80,1322.00,1340.80,1320.90,1.63
20/02/2019,1344.10,1339.50,1345.70,1335.80,1.34
21/02/2019,1324.60,1338.30,1339.70,1320.80,1.39
22/02/2019,1329.70,1323.40,1332.20,1321.40,0.59
25/02/2019,1326.50,1327.00,1331.60,1324.30,0.67
26/02/2019,1325.30,1326.60,1329.10,1322.90,0.94
27/02/2019,1321.20,1331.00,1332.00,1318.40,198.04
28/02/2019,1316.10,1321.70,1328.90,1314.00,252.24
01/03/2019,1299.20,1315.50,1316.50,1291.30,343.47
04/03/2019,1287.50,1294.40,1298.10,1283.80,268.39
05/03/2019,1284.70,1287.80,1290.60,1282.00,216.93
06/03/2019,1287.60,1288.80,1291.80,1284.30,192.93
07/03/2019,1286.10,1287.30,1289.60,1280.80,257.92
08/03/2019,1299.30,1286.70,1301.30,1285.60,283.84
11/03/2019,1291.10,1298.20,1299.20,1290.60,196.86
12/03/2019,1298.10,1293.60,1302.60,1292.00,203.89
13/03/2019,1309.30,1301.80,1311.60,1300.60,214.24
14/03/2019,1295.10,1309.50,1310.30,1292.50,248.21
15/03/2019,1302.90,1295.60,1306.30,1293.70,234.65
18/03/2019,1301.50,1302.00,1306.70,1298.00,176.49
19/03/2019,1306.50,1303.70,1310.80,1302.10,206.90
20/03/2019,1301.70,1306.00,1317.20,1298.10,370.40
21/03/2019,1307.30,1312.70,1320.20,1302.80,332.61
22/03/2019,1312.30,1309.30,1314.70,1306.50,271.38
25/03/2019,1322.60,1313.30,1324.50,1310.60,251.98
26/03/2019,1315.00,1321.50,1323.00,1312.10,267.17
27/03/2019,1310.40,1315.40,1318.80,1307.30,206.26
28/03/2019,1292.50,1312.60,1314.20,1290.50,3.66
29/03/2019,1295.60,1292.20,1301.50,1288.60,1.31
01/04/2019,1291.20,1294.30,1298.30,1288.30,1.55
02/04/2019,1292.50,1288.70,1293.80,1286.80,0.93
03/04/2019,1292.30,1293.60,1296.00,1290.00,1.02
04/04/2019,1291.40,1291.50,1295.70,1282.00,1.14
05/04/2019,1292.60,1293.70,1294.50,1285.60,0.44
08/04/2019,1298.80,1294.40,1304.40,1292.70,0.94
09/04/2019,1305.10,1298.70,1307.00,1297.50,0.59
10/04/2019,1310.30,1305.00,1311.00,1301.70,0.79
11/04/2019,1290.50,1308.50,1309.10,1290.40,1.51
12/04/2019,1292.20,1293.30,1296.30,1290.50,0.35
15/04/2019,1288.50,1291.20,1292.10,1283.00,0.43
16/04/2019,1274.20,1288.70,1288.70,1273.00,1.54
17/04/2019,1273.80,1276.30,1279.20,1272.50,0.46
18/04/2019,1273.10,1273.50,1276.60,1270.40,0.57
19/04/2019,1277.90,1277.90,1277.90,1277.90,0
22/04/2019,1274.70,1275.30,1278.60,1272.90,0.13
23/04/2019,1270.60,1274.40,1275.00,1265.90,0.73
24/04/2019,1276.60,1271.50,1276.50,1267.90,0.34
25/04/2019,1276.40,1273.60,1281.20,1272.70,0.98
26/04/2019,1285.50,1277.00,1287.20,1276.20,0.80
29/04/2019,1281.50,1289.00,1289.10,1279.90,208.96
30/04/2019,1285.70,1281.90,1288.20,1281.50,239.44
01/05/2019,1284.20,1285.20,1289.40,1274.50,275.43
02/05/2019,1272.00,1278.50,1279.40,1267.30,282.50
03/05/2019,1281.30,1271.60,1283.90,1269.00,280.32
06/05/2019,1283.80,1281.80,1287.40,1278.10,244.34
07/05/2019,1285.60,1282.40,1287.30,1279.10,251.09
08/05/2019,1281.40,1285.60,1292.80,1280.20,302.69
09/05/2019,1285.20,1281.90,1289.20,1280.40,306.55
10/05/2019,1287.40,1285.00,1290.30,1283.90,238.64
13/05/2019,1301.80,1288.30,1302.20,1282.40,379.44
14/05/2019,1296.30,1300.80,1304.20,1294.30,222.05
15/05/2019,1297.80,1298.00,1301.70,1293.60,247.52
16/05/2019,1286.20,1297.70,1299.30,1284.20,282.07
17/05/2019,1275.70,1287.20,1289.00,1274.60,264.57
20/05/2019,1277.30,1277.60,1278.80,1273.30,212.18
21/05/2019,1273.20,1277.70,1277.70,1269.00,213.17
22/05/2019,1274.20,1274.40,1277.10,1272.00,191.37
23/05/2019,1285.40,1273.30,1287.10,1272.10,330.16
24/05/2019,1283.60,1283.20,1284.70,1280.10,218.71
26/05/2019,1284.15,1284.20,1285.15,1283.65,0
27/05/2019,1284.95,1284.25,1286.85,1283.25,0
28/05/2019,1277.10,1283.50,1286.90,1275.10,362.16
29/05/2019,1281.00,1278.90,1285.20,1278.40,189.69
30/05/2019,1289.90,1282.10,1291.00,1276.70,1.19
31/05/2019,1308.00,1290.30,1308.50,1289.70,1.98
03/06/2019,1324.90,1308.00,1329.70,1308.00,1.04
04/06/2019,1325.70,1327.00,1330.80,1322.20,0.82
05/06/2019,1330.60,1327.30,1345.60,1326.90,0.91
06/06/2019,1339.80,1332.30,1341.20,1328.80,0.51
07/06/2019,1343.30,1337.10,1349.50,1332.60,0.79
10/06/2019,1326.30,1336.80,1337.50,1326.10,0.47
11/06/2019,1328.30,1328.90,1330.40,1320.80,0.38
12/06/2019,1333.90,1327.50,1338.80,1326.80,0.61
13/06/2019,1340.80,1334.90,1344.00,1333.30,0.62
14/06/2019,1341.70,1343.40,1359.00,1338.70,1.50
17/06/2019,1340.00,1342.50,1343.90,1333.90,0.56
18/06/2019,1347.80,1340.90,1354.80,1339.60,0.90
19/06/2019,1345.80,1347.80,1363.00,1342.00,0.65
20/06/2019,1394.10,1361.20,1393.90,1358.80,1.10
21/06/2019,1397.30,1389.90,1412.00,1383.40,0.98
24/06/2019,1415.20,1401.10,1421.40,1401.10,0.98
25/06/2019,1415.80,1419.90,1438.20,1412.50,0.94
26/06/2019,1411.50,1421.80,1421.80,1380.00,1.33
27/06/2019,1412.00,1412.70,1415.30,1401.40,336.36
28/06/2019,1413.70,1413.30,1427.80,1408.60,306.62
01/07/2019,1389.30,1401.80,1401.90,1384.70,389.76
02/07/2019,1408.00,1386.20,1424.00,1386.20,383.25
03/07/2019,1420.90,1424.70,1441.00,1414.70,419.61
04/07/2019,1423.55,1421.25,1426.65,1412.85,0
05/07/2019,1400.10,1421.60,1426.80,1388.60,577.38
08/07/2019,1400.00,1401.00,1409.90,1393.80,318.69
09/07/2019,1400.50,1397.90,1402.40,1387.50,287.18
10/07/2019,1412.50,1400.00,1421.10,1391.80,443.50
11/07/2019,1406.70,1421.10,1429.40,1402.70,400.09
12/07/2019,1412.20,1406.20,1418.90,1404.50,284.97
15/07/2019,1413.50,1417.70,1421.60,1409.30,243.38
16/07/2019,1411.20,1416.40,1420.00,1402.10,334.82
17/07/2019,1423.30,1407.90,1428.40,1401.30,358.17
18/07/2019,1428.10,1428.50,1449.70,1415.60,481.33
19/07/2019,1426.70,1448.30,1454.40,1421.10,530.02
22/07/2019,1426.90,1428.50,1430.80,1423.00,255.35
23/07/2019,1421.70,1426.00,1431.40,1414.60,386.68
24/07/2019,1423.60,1418.60,1430.00,1416.70,318.16
25/07/2019,1414.70,1426.80,1434.10,1411.10,489.39
26/07/2019,1419.30,1414.90,1424.80,1412.90,306.02
29/07/2019,1420.40,1419.00,1428.00,1414.40,224.27
30/07/2019,1433.40,1430.70,1437.50,1426.30,3.55
31/07/2019,1429.10,1435.00,1439.00,1413.80,4.03
01/08/2019,1424.20,1413.00,1450.00,1403.80,5.69
02/08/2019,1448.70,1449.70,1451.50,1434.40,4.02
05/08/2019,1467.70,1444.90,1473.20,1440.10,4.77
06/08/2019,1475.20,1472.10,1477.90,1459.30,3.80
07/08/2019,1509.60,1476.90,1512.40,1475.70,7.32
08/08/2019,1499.70,1502.30,1511.10,1491.90,2.49
09/08/2019,1498.60,1509.20,1509.80,1496.20,2.78
12/08/2019,1507.70,1499.10,1519.30,1488.80,3.57
13/08/2019,1504.30,1512.30,1536.00,1480.00,6.27
14/08/2019,1518.50,1502.80,1525.40,1495.00,3.03
15/08/2019,1521.70,1519.40,1527.60,1509.50,2.35
16/08/2019,1514.10,1524.30,1528.30,1504.80,1.25
19/08/2019,1502.10,1513.00,1513.50,1493.90,1.62
20/08/2019,1506.30,1497.60,1509.00,1494.90,1.60
21/08/2019,1506.10,1506.00,1508.10,1497.10,2.10
22/08/2019,1498.70,1502.50,1504.50,1492.60,2.13
23/08/2019,1527.90,1498.20,1530.20,1493.40,2.73
26/08/2019,1527.20,1535.40,1555.00,1525.40,2.35
27/08/2019,1541.40,1526.90,1543.90,1526.00,1.89
28/08/2019,1538.80,1540.90,1546.00,1531.70,2.76
29/08/2019,1530.50,1542.20,1553.40,1522.30,16.57
30/08/2019,1523.00,1530.60,1535.70,1519.30,6.28
01/09/2019,1538.05,1535.25,1542.90,1535.25,0
02/09/2019,1535.15,1537.95,1540.05,1528.15,0
03/09/2019,1549.60,1526.00,1552.50,1521.70,8.48
04/09/2019,1554.00,1549.80,1559.80,1536.50,8.15
05/09/2019,1519.00,1555.00,1555.50,1508.20,13.90
06/09/2019,1509.00,1520.60,1529.60,1504.50,12.64
09/09/2019,1504.50,1509.20,1517.10,1499.10,7.33
10/09/2019,1492.70,1500.20,1502.50,1485.70,6.18
11/09/2019,1496.60,1486.80,1499.60,1486.80,4.59
12/09/2019,1500.80,1499.10,1525.40,1490.50,6.91
13/09/2019,1492.90,1499.80,1509.80,1486.70,6.27
16/09/2019,1504.80,1500.30,1512.80,1496.90,5.61
17/09/2019,1506.90,1499.40,1508.40,1494.60,10.85
18/09/2019,1509.10,1502.60,1512.20,1484.00,8.29
19/09/2019,1499.50,1494.40,1505.10,1489.80,4.86
20/09/2019,1508.00,1499.50,1517.40,1498.70,7.38
23/09/2019,1524.00,1515.20,1526.70,1511.00,7.98
24/09/2019,1532.60,1522.80,1535.60,1515.50,8.57
25/09/2019,1505.10,1530.90,1534.90,1499.80,15.73
26/09/2019,1507.90,1503.70,1512.00,1500.00,8.18
27/09/2019,1502.70,1508.30,1510.10,1489.80,1.03
30/09/2019,1469.20,1497.60,1503.20,1467.00,1.54
01/10/2019,1485.20,1475.00,1489.30,1461.50,1.18
02/10/2019,1504.10,1482.90,1507.00,1477.70,0.80
03/10/2019,1510.10,1502.10,1521.00,1498.30,0.62
04/10/2019,1509.20,1509.00,1516.50,1498.10,0.57
07/10/2019,1500.70,1514.10,1515.10,1492.00,0.29
08/10/2019,1500.10,1495.00,1511.00,1488.40,1.30
09/10/2019,1508.90,1509.50,1512.50,1501.50,0.29
10/10/2019,1497.00,1512.50,1517.80,1492.00,0.97
11/10/2019,1484.70,1495.80,1503.80,1474.70,1.43
14/10/2019,1493.80,1488.00,1496.80,1483.30,0.98
15/10/2019,1479.70,1493.10,1498.00,1477.70,0.78
16/10/2019,1490.20,1480.50,1491.20,1477.10,0.54
17/10/2019,1494.20,1490.10,1496.10,1484.30,1.60
18/10/2019,1490.00,1492.50,1492.90,1484.80,0.78
21/10/2019,1484.20,1490.70,1494.70,1481.60,1.24
22/10/2019,1483.60,1483.70,1488.20,1480.00,0.79
23/10/2019,1491.80,1487.30,1495.10,1486.70,0.57
24/10/2019,1501.00,1490.40,1502.40,1486.70,1.01
25/10/2019,1501.70,1502.10,1517.00,1499.70,0.44
28/10/2019,1492.40,1503.60,1506.30,1489.10,0.36
29/10/2019,1487.40,1491.50,1492.90,1482.70,0.43
30/10/2019,1496.70,1490.50,1499.30,1483.10,353.64
31/10/2019,1514.80,1498.80,1516.70,1496.00,390.01
01/11/2019,1511.40,1515.10,1519.00,1505.40,380.99
04/11/2019,1511.10,1516.40,1517.10,1506.50,260.20
05/11/2019,1483.70,1511.60,1511.90,1480.70,593.62
06/11/2019,1493.10,1484.30,1495.90,1483.80,313.72
07/11/2019,1466.40,1492.10,1493.60,1461.40,674.98
08/11/2019,1462.90,1469.00,1473.90,1457.00,447.07
11/11/2019,1457.10,1460.00,1467.40,1448.90,310.16
12/11/2019,1453.70,1455.90,1461.30,1446.20,429.61
13/11/2019,1463.30,1456.50,1467.90,1456.40,352.33
14/11/2019,1473.40,1464.00,1475.50,1461.70,317.40
15/11/2019,1468.50,1471.90,1472.10,1462.80,251.21
18/11/2019,1471.90,1467.80,1474.40,1456.60,331.24
19/11/2019,1474.30,1471.90,1475.80,1465.10,307.86
20/11/2019,1474.20,1472.70,1479.20,1466.10,369.97
21/11/2019,1463.60,1475.10,1475.90,1462.40,388.34
22/11/2019,1463.60,1464.30,1473.40,1461.20,320.50
25/11/2019,1456.90,1461.00,1462.00,1453.90,298.71
26/11/2019,1460.30,1455.10,1462.90,1449.60,346.36
27/11/2019,1457.90,1465.60,1465.60,1457.00,4.34
28/11/2019,1462.25,1463.25,1464.55,1460.75,0
29/11/2019,1470.00,1459.30,1470.10,1456.90,1.63
02/12/2019,1466.40,1467.30,1468.50,1457.40,1.40
03/12/2019,1481.60,1465.50,1484.70,1462.80,1.40
04/12/2019,1477.50,1480.40,1487.00,1474.00,0.88
05/12/2019,1480.30,1477.60,1482.70,1475.90,0.64
06/12/2019,1462.50,1478.20,1481.50,1461.00,0.68
09/12/2019,1462.80,1461.10,1467.30,1460.70,2.25
10/12/2019,1465.90,1463.90,1470.70,1462.40,0.64
11/12/2019,1472.70,1466.20,1481.00,1465.00,0.60
12/12/2019,1469.80,1476.50,1488.90,1465.80,1.15
13/12/2019,1478.60,1469.50,1479.70,1463.30,0.82
16/12/2019,1477.90,1477.10,1481.30,1475.40,0.46
17/12/2019,1477.00,1477.60,1481.50,1475.90,2.75
18/12/2019,1474.70,1476.70,1480.00,1470.50,0.78
19/12/2019,1480.20,1475.70,1481.20,1472.60,1.69
20/12/2019,1477.00,1478.80,1480.40,1475.80,0.30
23/12/2019,1484.30,1477.80,1485.40,1477.50,3.42
24/12/2019,1500.60,1485.00,1500.80,1483.90,0.50
25/12/2019,1504.05,1504.40,1504.40,1502.15,0
26/12/2019,1510.70,1498.70,1513.60,1498.20,1.01
27/12/2019,1514.30,1512.00,1515.60,1508.80,0.84
30/12/2019,1518.60,1515.90,1519.10,1513.50,178.72
31/12/2019,1523.10,1517.70,1529.00,1517.50,220.85
01/01/2020,1520.95,1520.85,1523.95,1520.85,0
02/01/2020,1528.10,1521.00,1534.00,1519.70,270.55
03/01/2020,1552.40,1531.70,1556.60,1530.40,436.74
06/01/2020,1568.80,1562.70,1590.90,1562.30,558.97
07/01/2020,1574.30,1567.40,1579.20,1557.00,435.87
08/01/2020,1560.20,1578.80,1613.30,1553.40,813.41
09/01/2020,1554.30,1557.70,1562.40,1541.00,372.88
10/01/2020,1560.10,1553.40,1564.10,1546.70,344.34
13/01/2020,1550.60,1563.00,1563.10,1547.00,311.73
14/01/2020,1544.60,1548.60,1549.50,1536.40,340.91
15/01/2020,1554.00,1546.80,1558.80,1546.50,310.07
16/01/2020,1550.50,1556.60,1558.20,1548.00,260.05
17/01/2020,1560.30,1553.00,1561.40,1549.30,264.93
19/01/2020,1557.05,1557.40,1559.05,1556.45,0
20/01/2020,1561.25,1557.20,1562.70,1556.65,0
21/01/2020,1557.90,1557.30,1568.80,1546.00,462.62
22/01/2020,1556.70,1558.90,1559.80,1550.00,286.08
23/01/2020,1565.40,1558.90,1567.50,1551.30,361.03
24/01/2020,1571.90,1562.90,1575.50,1555.80,427.14
27/01/2020,1577.40,1580.50,1588.40,1575.30,398.06
28/01/2020,1569.80,1580.60,1582.20,1564.60,378.01
29/01/2020,1570.40,1566.30,1577.70,1562.00,251.27
30/01/2020,1586.50,1578.70,1587.80,1574.20,4.08
31/01/2020,1584.90,1575.60,1592.30,1572.00,2.47
03/02/2020,1579.50,1594.60,1595.10,1570.50,1.60
04/02/2020,1552.70,1579.50,1580.70,1550.00,1.88
05/02/2020,1560.10,1553.20,1563.20,1548.40,1.52
06/02/2020,1567.20,1556.80,1568.90,1553.50,1.48
07/02/2020,1570.60,1567.60,1574.60,1560.70,1.01
10/02/2020,1576.60,1573.00,1577.30,1569.10,0.46
11/02/2020,1567.20,1573.00,1574.50,1562.60,0.86
12/02/2020,1568.80,1567.90,1570.30,1561.60,0.83
13/02/2020,1576.30,1566.80,1578.80,1566.60,1.30
14/02/2020,1583.80,1577.50,1585.30,1573.60,0.69
16/02/2020,1586.25,1585.50,1586.25,1583.45,0
17/02/2020,1587.05,1586.15,1588.45,1581.85,0
18/02/2020,1601.00,1581.20,1605.30,1579.20,2.68
19/02/2020,1608.80,1601.80,1612.90,1600.00,2.21
20/02/2020,1617.40,1610.90,1622.80,1603.80,2.79
21/02/2020,1645.10,1620.40,1648.10,1618.60,2.32
24/02/2020,1673.50,1651.00,1687.30,1651.00,2.81
25/02/2020,1647.00,1662.00,1662.30,1625.00,2.65
26/02/2020,1640.40,1636.40,1652.40,1624.40,1.99
27/02/2020,1642.50,1643.00,1662.50,1636.70,573.29
28/02/2020,1566.70,1646.10,1651.00,1564.00,745.84
02/03/2020,1594.80,1592.80,1612.10,1576.30,443.53
03/03/2020,1644.40,1586.00,1650.50,1585.90,466.53
04/03/2020,1643.00,1640.10,1654.30,1632.60,313.34
05/03/2020,1668.00,1638.20,1675.50,1635.60,363.00
06/03/2020,1672.40,1673.10,1692.80,1642.40,659.63
09/03/2020,1675.70,1692.60,1704.30,1658.00,504.16
10/03/2020,1660.30,1679.60,1681.30,1641.10,385.48
11/03/2020,1642.30,1649.30,1671.80,1632.40,404.35
12/03/2020,1590.30,1633.10,1651.00,1560.40,605.72
13/03/2020,1516.70,1582.70,1597.90,1504.00,551.05
16/03/2020,1486.50,1563.80,1574.80,1450.90,565.98
17/03/2020,1525.80,1512.80,1554.30,1465.60,434.51
18/03/2020,1477.90,1527.60,1547.00,1473.30,435.19
19/03/2020,1479.30,1487.20,1502.80,1460.10,325.29
20/03/2020,1484.60,1471.60,1519.40,1457.50,269.97
23/03/2020,1567.60,1505.00,1569.30,1484.60,362.07
24/03/2020,1660.80,1563.80,1698.00,1560.50,418.78
25/03/2020,1633.40,1666.20,1699.30,1615.20,254.19
26/03/2020,1651.20,1642.50,1672.50,1611.00,215.97
27/03/2020,1625.00,1640.40,1647.20,1611.40,100.64
30/03/2020,1637.10,1653.70,1667.40,1623.40,3.08
31/03/2020,1589.30,1634.60,1634.60,1582.80,0.97
01/04/2020,1584.10,1581.70,1605.00,1574.80,0.35
02/04/2020,1630.70,1599.00,1635.80,1590.50,0.44
03/04/2020,1637.60,1629.70,1642.00,1616.50,0.51
06/04/2020,1684.00,1639.70,1705.50,1628.10,1.47
07/04/2020,1672.60,1694.80,1731.80,1662.00,2.14
08/04/2020,1674.10,1669.80,1685.00,1660.80,1.29
09/04/2020,1739.90,1669.20,1739.70,1666.50,1.88
10/04/2020,1740.60,1740.60,1740.60,1740.60,0
13/04/2020,1749.80,1729.50,1760.60,1711.80,1.61
14/04/2020,1759.10,1752.70,1778.20,1737.70,1.16
15/04/2020,1729.60,1746.60,1747.70,1722.40,1.08
16/04/2020,1722.70,1732.20,1756.40,1718.00,1.02
17/04/2020,1690.80,1722.90,1725.70,1683.50,1.83
20/04/2020,1703.40,1685.00,1710.00,1677.60,0.62
21/04/2020,1678.30,1703.60,1709.90,1659.20,1.66
22/04/2020,1727.40,1698.60,1730.40,1690.10,1.65
23/04/2020,1733.40,1725.60,1750.00,1721.20,1.70
24/04/2020,1724.20,1733.70,1746.60,1715.00,0.90
27/04/2020,1712.60,1734.30,1734.30,1708.30,0.74
28/04/2020,1710.60,1713.50,1720.70,1694.90,1.26
29/04/2020,1713.40,1724.80,1733.50,1708.20,159.60
30/04/2020,1694.20,1729.60,1737.00,1687.50,234.53
01/05/2020,1700.90,1693.50,1714.40,1676.00,168.02
04/05/2020,1713.30,1711.20,1726.00,1700.30,148.73
05/05/2020,1710.60,1711.00,1717.80,1695.40,184.73
06/05/2020,1688.50,1714.10,1716.60,1683.00,203.37
07/05/2020,1725.80,1686.00,1733.20,1683.90,250.70
08/05/2020,1713.90,1727.20,1735.50,1703.10,232.81
11/05/2020,1698.00,1706.00,1713.80,1692.10,202.17
12/05/2020,1706.80,1700.00,1716.70,1693.50,198.07
13/05/2020,1716.40,1705.00,1726.50,1701.60,211.61
14/05/2020,1740.90,1723.10,1746.50,1716.00,212.91
15/05/2020,1756.30,1738.50,1761.20,1736.80,200.18
18/05/2020,1734.40,1757.50,1775.80,1729.30,271.47
19/05/2020,1745.60,1734.80,1751.60,1727.20,185.26
20/05/2020,1752.10,1749.20,1757.60,1744.00,184.46
21/05/2020,1721.90,1751.70,1751.70,1715.30,238.74
22/05/2020,1735.50,1726.00,1742.00,1722.50,196.82
24/05/2020,1730.65,1735.45,1735.90,1729.80,0
25/05/2020,1727.00,1730.55,1731.35,1719.25,0
26/05/2020,1705.60,1730.20,1737.20,1700.00,313.17
27/05/2020,1710.70,1703.10,1713.20,1684.20,137.42
28/05/2020,1719.80,1718.70,1734.50,1714.00,1.56
29/05/2020,1742.90,1724.90,1745.00,1718.60,1.19
01/06/2020,1743.30,1743.00,1752.70,1730.50,0.71
02/06/2020,1728.90,1743.50,1750.00,1724.10,0.69
03/06/2020,1701.00,1729.70,1729.80,1686.90,1.72
04/06/2020,1721.80,1699.60,1722.60,1695.50,1.10
05/06/2020,1678.50,1715.00,1717.20,1669.10,1.10
08/06/2020,1699.90,1682.00,1702.60,1675.80,0.75
09/06/2020,1717.00,1699.20,1724.10,1694.40,0.62
10/06/2020,1715.50,1715.10,1743.60,1709.00,1.15
11/06/2020,1734.70,1741.20,1749.40,1722.60,0.76
12/06/2020,1732.00,1729.70,1746.90,1724.10,0.59
15/06/2020,1721.80,1733.20,1736.20,1701.00,0.65
16/06/2020,1731.50,1729.00,1735.50,1718.90,0.37
17/06/2020,1730.30,1730.60,1733.80,1714.40,0.36
18/06/2020,1726.00,1730.70,1742.10,1717.60,0.26
19/06/2020,1747.10,1726.30,1753.50,1726.30,1.87
22/06/2020,1758.40,1755.50,1771.00,1747.40,1.91
23/06/2020,1774.10,1759.30,1777.60,1751.70,1.03
24/06/2020,1768.10,1777.30,1786.30,1765.00,1.71
25/06/2020,1763.10,1760.70,1771.70,1760.40,0.48
26/06/2020,1773.30,1768.20,1778.50,1748.40,0.64
29/06/2020,1781.20,1789.20,1790.40,1776.50,130.51
30/06/2020,1800.50,1784.20,1804.00,1774.80,199.42
01/07/2020,1779.90,1798.90,1807.70,1767.90,263.25
02/07/2020,1790.00,1779.00,1791.70,1766.30,186.31
03/07/2020,1787.60,1786.90,1788.70,1783.65,0
06/07/2020,1793.50,1787.90,1799.00,1779.20,184.65
07/07/2020,1809.90,1793.90,1810.80,1781.20,221.73
08/07/2020,1820.60,1807.90,1829.80,1803.80,247.50
09/07/2020,1803.80,1818.80,1825.50,1799.60,283.37
10/07/2020,1801.90,1808.40,1817.00,1796.50,223.83
13/07/2020,1814.10,1803.40,1818.80,1802.10,230.40
14/07/2020,1813.40,1805.20,1815.00,1791.10,253.21
15/07/2020,1813.80,1811.10,1819.50,1804.00,183.06
16/07/2020,1800.30,1813.10,1816.20,1794.10,196.57
17/07/2020,1810.00,1796.90,1813.90,1795.20,167.01
20/07/2020,1817.40,1812.30,1823.40,1806.60,177.74
21/07/2020,1843.90,1819.60,1844.90,1817.20,271.09
22/07/2020,1865.10,1842.80,1871.80,1842.10,382.23
23/07/2020,1890.00,1871.60,1897.70,1863.10,418.75
24/07/2020,1897.50,1884.90,1904.60,1880.50,300.17
27/07/2020,1931.00,1901.20,1941.90,1899.00,428.23
28/07/2020,1944.60,1937.10,1974.70,1900.20,434.45
29/07/2020,1953.40,1950.60,1974.90,1935.20,209.84
30/07/2020,1949.50,1970.80,1971.10,1936.40,5.71
31/07/2020,1968.00,1957.00,1985.70,1954.30,5.17
03/08/2020,1969.50,1979.70,1992.10,1958.50,2.82
04/08/2020,2004.20,1976.60,2020.50,1968.10,3.91
05/08/2020,2032.90,2020.20,2053.50,2011.20,4.75
06/08/2020,2054.60,2036.90,2065.10,2033.60,2.61
07/08/2020,2014.30,2062.40,2074.00,2011.00,4.37
10/08/2020,2027.30,2032.00,2047.30,2015.70,2.55
11/08/2020,1935.70,2024.20,2027.00,1900.90,6.16
12/08/2020,1937.50,1910.20,1948.70,1863.70,4.16
13/08/2020,1959.30,1918.60,1963.50,1911.70,2.50
14/08/2020,1938.80,1952.10,1958.30,1930.20,1.26
17/08/2020,1987.10,1945.20,1988.60,1930.80,1.77
18/08/2020,2001.60,1981.60,2013.00,1973.60,1.70
19/08/2020,1960.50,2001.50,2003.00,1920.80,2.83
20/08/2020,1935.40,1924.60,1951.50,1920.00,2.07
21/08/2020,1936.00,1945.80,1950.40,1908.20,1.73
24/08/2020,1928.60,1937.20,1959.20,1920.10,1.41
25/08/2020,1912.50,1925.40,1932.90,1909.40,1.66
26/08/2020,1941.70,1927.60,1952.60,1899.10,3.29
27/08/2020,1922.30,1950.90,1973.80,1907.70,2.30
28/08/2020,1966.80,1930.10,1974.90,1921.20,11.76
31/08/2020,1970.50,1966.70,1977.70,1955.00,7.16
01/09/2020,1970.80,1965.90,1992.50,1961.20,10.95
02/09/2020,1936.90,1967.90,1972.40,1931.50,10.84
03/09/2020,1930.20,1941.80,1948.40,1919.70,8.94
04/09/2020,1926.20,1931.90,1948.80,1914.60,10.62
06/09/2020,1940.65,1941.90,1944.30,1937.65,0
07/09/2020,1937.10,1940.70,1947.40,1930.45,0
08/09/2020,1935.10,1930.00,1940.20,1904.60,15.62
09/09/2020,1946.80,1932.00,1951.40,1918.80,8.35
10/09/2020,1956.00,1947.50,1966.60,1940.40,11.35
11/09/2020,1939.50,1945.00,1954.60,1936.20,8.09
14/09/2020,1954.70,1940.30,1963.60,1937.00,6.70
15/09/2020,1958.00,1957.60,1973.80,1947.70,18.10
16/09/2020,1962.00,1954.30,1975.40,1949.10,11.67
17/09/2020,1941.30,1959.60,1960.50,1930.20,12.10
18/09/2020,1953.20,1944.00,1959.10,1942.90,6.45
21/09/2020,1902.10,1948.30,1954.10,1878.50,18.21
22/09/2020,1899.30,1909.10,1916.80,1890.70,11.15
23/09/2020,1860.50,1895.00,1901.60,1848.00,18.93
24/09/2020,1868.90,1859.40,1872.80,1843.00,19.91
25/09/2020,1857.80,1866.20,1870.60,1846.00,10.59
28/09/2020,1872.80,1855.60,1878.40,1843.20,10.46
29/09/2020,1939.20,1881.20,1899.90,1877.60,0.53
30/09/2020,1931.70,1898.90,1903.60,1882.10,0.55
01/10/2020,1952.20,1888.00,1913.90,1886.00,0.75
02/10/2020,1943.40,1907.00,1919.00,1893.00,0.81
05/10/2020,1956.00,1906.70,1920.00,1887.70,0.66
06/10/2020,1945.30,1913.70,1922.00,1875.10,1.05
07/10/2020,1928.50,1879.90,1897.40,1873.20,0.44
08/10/2020,1934.50,1886.80,1900.40,1881.70,0.70
09/10/2020,1965.00,1894.80,1932.00,1894.80,0.97
12/10/2020,1967.70,1930.90,1933.30,1920.00,0.44
13/10/2020,1933.50,1923.70,1925.10,1885.90,0.80
14/10/2020,1947.00,1891.30,1912.80,1880.90,0.41
15/10/2020,1947.80,1902.00,1909.20,1889.00,0.49
16/10/2020,1945.40,1908.40,1913.40,1897.80,0.27
19/10/2020,1950.20,1899.60,1919.00,1896.90,0.51
20/10/2020,1953.50,1902.20,1913.60,1893.60,0.37
21/10/2020,1967.50,1909.00,1932.00,1908.50,0.89
22/10/2020,1943.10,1924.00,1925.40,1891.90,1.13
23/10/2020,1944.10,1904.30,1913.70,1893.00,0.39
26/10/2020,1946.00,1902.10,1908.00,1890.80,0.28
27/10/2020,1952.00,1901.30,1910.80,1898.40,0.33
28/10/2020,1918.90,1908.00,1909.80,1867.90,0.28
29/10/2020,1906.90,1917.90,1917.90,1917.90,0.00
30/10/2020,1918.30,1867.90,1890.90,1863.30,213.17
02/11/2020,1931.10,1877.00,1897.10,1873.30,164.94
03/11/2020,1948.60,1896.40,1912.20,1887.60,171.37
04/11/2020,1935.10,1910.30,1917.90,1881.80,293.95
05/11/2020,1986.40,1903.40,1954.30,1902.20,297.51
06/11/2020,1992.20,1950.00,1961.80,1937.20,246.78
09/11/2020,1894.00,1956.00,1966.10,1848.00,496.09
10/11/2020,1916.50,1864.10,1888.90,1858.90,264.87
11/11/2020,1900.20,1876.10,1882.50,1853.90,215.17
12/11/2020,1912.80,1863.90,1883.00,1860.70,209.93
13/11/2020,1925.90,1875.60,1895.80,1872.10,162.54
16/11/2020,1924.80,1886.60,1898.00,1861.50,222.94
17/11/2020,1920.90,1888.20,1892.70,1876.30,160.88
18/11/2020,1907.10,1879.50,1884.20,1860.30,209.00
19/11/2020,1895.30,1872.00,1872.60,1850.00,222.35
20/11/2020,1906.30,1864.80,1879.20,1859.10,186.17
23/11/2020,1872.70,1869.80,1875.00,1828.00,319.66
24/11/2020,1839.00,1835.70,1836.90,1797.10,367.88
25/11/2020,1837.50,1805.20,1816.30,1798.60,205.75
26/11/2020,1807.00,1806.25,1816.80,1804.20,0
27/11/2020,1814.80,1822.60,1823.20,1822.60,0.00
30/11/2020,1807.20,1787.40,1789.90,1764.90,1.61
01/12/2020,1844.60,1777.50,1818.30,1776.40,1.66
02/12/2020,1854.60,1814.60,1833.00,1808.10,1.75
03/12/2020,1865.10,1830.50,1844.00,1824.00,1.37
04/12/2020,1865.60,1842.30,1850.10,1830.20,1.25
07/12/2020,1891.30,1838.40,1870.20,1823.00,1.17
08/12/2020,1899.80,1864.10,1877.00,1861.70,0.89
09/12/2020,1861.70,1872.00,1872.00,1826.80,1.05
10/12/2020,1860.90,1840.30,1851.20,1831.30,0.74
11/12/2020,1867.10,1838.30,1849.40,1827.70,0.53
14/12/2020,1856.30,1838.70,1839.80,1821.10,0.61
15/12/2020,1879.30,1827.90,1856.10,1827.70,0.74
16/12/2020,1882.10,1853.50,1867.10,1846.20,0.58
17/12/2020,1913.10,1866.70,1898.30,1864.10,1.32
18/12/2020,1911.80,1887.10,1892.70,1879.90,0.59
21/12/2020,1906.00,1890.30,1908.50,1857.20,0.00
22/12/2020,1894.20,1883.70,1885.40,1861.60,0.56
23/12/2020,1901.10,1862.20,1880.10,1859.80,0.50
24/12/2020,1906.90,1874.10,1882.10,1871.10,0.20
28/12/2020,1904.50,1924.80,1924.80,1924.80,0.00
29/12/2020,1907.60,1880.00,1886.30,1874.40,0.34
30/12/2020,1918.90,1881.80,1899.00,1879.50,133.66
31/12/2020,1921.10,1899.00,1904.90,1889.10,130.63
01/01/2021,1901.60,1901.60,1901.60,1901.60,0
04/01/2021,1973.80,1908.20,1948.70,1906.10,273.37
05/01/2021,1982.00,1974.40,1974.40,1974.40,0.00
06/01/2021,1936.30,1952.80,1962.50,1902.60,366.61
07/01/2021,1939.90,1921.50,1929.60,1907.50,199.98
08/01/2021,1861.30,1915.20,1918.40,1827.80,443.51
11/01/2021,1876.70,1849.40,1856.00,1817.10,268.36
12/01/2021,1869.50,1845.40,1864.00,1835.80,240.66
13/01/2021,1879.80,1855.00,1863.00,1841.60,225.99
14/01/2021,1876.30,1845.60,1857.60,1826.60,257.66
15/01/2021,1853.50,1847.30,1856.60,1822.10,231.11
17/01/2021,1809.75,1826.80,1829.10,1803.60,0
18/01/2021,1836.60,1809.65,1839.45,1809.65,0
19/01/2021,1862.00,1828.80,1845.00,1800.80,331.59
20/01/2021,1887.50,1839.90,1872.00,1831.10,274.40
21/01/2021,1886.50,1871.00,1874.60,1857.50,196.94
22/01/2021,1874.60,1870.10,1870.80,1836.30,249.72
25/01/2021,1874.00,1855.30,1867.40,1846.20,211.98
26/01/2021,1870.00,1854.90,1860.80,1847.20,170.26
27/01/2021,1864.00,1849.70,1851.50,1828.40,195.54
28/01/2021,1855.80,1844.90,1865.00,1834.10,2.14
29/01/2021,1864.00,1843.60,1877.20,1839.90,2.23
01/02/2021,1876.00,1863.60,1874.00,1850.50,2.03
02/02/2021,1847.60,1861.70,1863.60,1829.20,1.66
03/02/2021,1851.10,1837.60,1844.50,1829.40,0.81
04/02/2021,1806.90,1833.50,1834.00,1783.60,1.99
05/02/2021,1829.00,1793.70,1814.30,1791.50,1.38
08/02/2021,1848.40,1816.60,1838.70,1806.60,1.22
09/02/2021,1852.30,1831.10,1848.10,1829.60,0.79
10/02/2021,1857.50,1838.50,1855.00,1832.70,1.38
11/02/2021,1841.70,1821.10,1846.00,1820.90,0.92
12/02/2021,1837.60,1824.50,1830.00,1810.00,1.60
14/02/2021,1821.05,1822.45,1826.30,1820.15,0
15/02/2021,1818.75,1820.90,1827.00,1815.60,0
16/02/2021,1813.60,1830.20,1832.50,1830.20,0.00
17/02/2021,1787.20,1789.20,1792.60,1767.70,1.02
18/02/2021,1789.00,1776.20,1787.60,1765.90,0.62
19/02/2021,1791.30,1772.70,1789.00,1759.40,1.79
22/02/2021,1821.40,1785.00,1809.90,1779.50,1.73
23/02/2021,1818.90,1809.40,1813.00,1795.00,1.02
24/02/2021,1811.40,1805.00,1810.70,1782.00,1.50
25/02/2021,1791.30,1804.90,1805.00,1763.90,316.25
26/02/2021,1745.90,1750.20,1750.20,1750.20,0.00
01/03/2021,1739.60,1732.80,1757.40,1717.20,241.92
02/03/2021,1750.30,1722.80,1737.80,1704.60,235.96
03/03/2021,1732.60,1736.50,1739.10,1699.40,255.65
04/03/2021,1717.70,1708.40,1721.60,1687.60,277.45
05/03/2021,1716.30,1695.30,1705.70,1683.00,269.33
08/03/2021,1694.90,1701.60,1712.00,1673.30,273.91
09/03/2021,1733.30,1679.30,1718.70,1676.70,248.95
10/03/2021,1737.30,1714.50,1725.30,1705.60,226.89
11/03/2021,1737.30,1725.00,1738.00,1716.80,215.34
12/03/2021,1733.20,1720.50,1728.00,1696.60,232.21
15/03/2021,1742.90,1726.50,1733.20,1719.20,163.05
16/03/2021,1744.50,1730.70,1740.50,1724.40,173.89
17/03/2021,1740.30,1730.00,1750.60,1722.00,220.55
18/03/2021,1746.20,1744.00,1754.20,1716.60,251.76
19/03/2021,1755.40,1733.70,1746.10,1727.10,213.28
22/03/2021,1752.20,1745.60,1747.00,1726.40,196.31
23/03/2021,1739.30,1738.50,1742.00,1722.70,226.20
24/03/2021,1747.00,1725.90,1737.70,1722.30,186.52
25/03/2021,1738.90,1733.20,1744.80,1720.30,226.21
26/03/2021,1746.00,1738.80,1738.80,1738.80,0.00
29/03/2021,1726.20,1731.50,1732.60,1703.30,135.46
30/03/2021,1697.70,1711.90,1712.80,1677.80,1.90
31/03/2021,1727.30,1684.10,1714.90,1676.80,1.16
01/04/2021,1739.80,1707.90,1730.40,1705.70,1.32
05/04/2021,1740.70,1726.60,1733.20,1720.90,0.43
06/04/2021,1754.60,1727.30,1745.00,1727.30,0.79
07/04/2021,1753.10,1749.10,1750.40,1745.70,0.01
08/04/2021,1770.20,1737.50,1758.30,1733.60,0.69
09/04/2021,1756.80,1755.30,1757.10,1731.00,0.64
12/04/2021,1744.90,1742.40,1743.20,1726.10,0.33
13/04/2021,1759.90,1732.00,1748.40,1722.50,0.60
14/04/2021,1748.90,1745.00,1749.00,1731.60,0.63
15/04/2021,1779.60,1735.30,1768.60,1733.70,0.58
16/04/2021,1792.80,1764.20,1783.50,1759.70,0.45
19/04/2021,1783.40,1777.20,1789.40,1766.20,0.70
20/04/2021,1791.20,1769.50,1779.20,1763.00,0.00
21/04/2021,1806.20,1777.40,1797.70,1776.00,0.00
22/04/2021,1794.90,1794.50,1797.20,1776.80,0.29
23/04/2021,1790.30,1784.00,1795.20,1771.50,0.37
26/04/2021,1792.80,1775.00,1782.50,1768.20,0.75
27/04/2021,1791.60,1780.30,1784.30,1773.90,0.27
28/04/2021,1786.70,1775.50,1780.00,1762.50,0.76
29/04/2021,1780.70,1793.40,1802.10,1776.60,0.00
30/04/2021,1780.20,1772.40,1773.30,1763.30,167.29
03/05/2021,1804.30,1768.10,1798.90,1765.60,204.54
04/05/2021,1789.30,1793.20,1799.50,1769.20,246.59
05/05/2021,1797.60,1778.40,1788.10,1769.30,178.81
06/05/2021,1828.60,1825.00,1825.00,1825.00,0.00
07/05/2021,1844.30,1815.40,1844.60,1813.40,367.70
10/05/2021,1850.70,1835.40,1846.30,1830.50,0.00
11/05/2021,1849.10,1836.20,1842.50,1817.80,311.10
12/05/2021,1835.80,1829.00,1829.00,1829.00,0.00
13/05/2021,1837.30,1816.20,1829.10,1808.40,249.93
14/05/2021,1851.60,1826.40,1847.10,1819.00,224.38
17/05/2021,1880.00,1845.90,1869.30,1841.10,267.71
18/05/2021,1880.50,1867.30,1875.90,1863.50,229.02
19/05/2021,1893.90,1888.00,1888.00,1888.00,0.00
20/05/2021,1894.20,1891.00,1891.00,1886.40,0.01
21/05/2021,1889.20,1878.10,1890.30,1870.30,0.00
24/05/2021,1897.50,1883.50,1887.90,1875.70,0.00
25/05/2021,1911.60,1881.20,1901.20,1873.20,0.01
26/05/2021,1915.00,1914.40,1914.40,1914.40,0.00
27/05/2021,1910.60,1908.30,1908.30,1908.30,0.00
28/05/2021,1916.80,1904.50,1904.50,1904.50,0.02
30/05/2021,1906.75,1907.60,1907.90,1906.10,0
31/05/2021,1911.15,1906.80,1913.40,1904.85,0
01/06/2021,1916.70,1905.90,1917.40,1893.20,2.09
02/06/2021,1921.30,1921.50,1921.50,1921.50,0.00
03/06/2021,1884.70,1895.00,1895.00,1895.00,0.01
04/06/2021,1903.20,1872.10,1897.30,1855.00,0.02
07/06/2021,1909.80,1893.30,1901.40,1882.50,0.64
08/06/2021,1905.50,1898.50,1898.50,1898.50,0.00
09/06/2021,1906.40,1893.00,1900.40,1888.00,0.69
10/06/2021,1907.30,1890.20,1901.00,1871.30,0.98
11/06/2021,1890.10,1906.10,1906.10,1887.00,0.03
14/06/2021,1876.40,1874.00,1874.00,1874.00,0.07
15/06/2021,1867.00,1866.80,1868.80,1852.10,0.36
16/06/2021,1871.90,1849.40,1849.40,1848.00,0.00
17/06/2021,1785.30,1818.10,1818.10,1785.10,0.00
18/06/2021,1780.00,1802.80,1802.80,1802.80,0.19
21/06/2021,1793.80,1763.80,1785.40,1763.80,0.00
22/06/2021,1788.30,1794.20,1794.20,1787.10,0.01
23/06/2021,1794.50,1795.20,1795.90,1795.20,0.01
24/06/2021,1787.90,1778.00,1787.20,1772.50,0.49
25/06/2021,1788.90,1792.30,1792.30,1792.30,0.00
28/06/2021,1791.50,1780.30,1783.50,1770.00,0.01
29/06/2021,1774.30,1778.80,1779.20,1750.10,239.91
30/06/2021,1782.50,1783.10,1783.10,1783.10,0.01
01/07/2021,1787.70,1785.20,1785.20,1785.20,0.01
02/07/2021,1794.20,1794.70,1798.00,1794.70,0.00
04/07/2021,1786.40,1788.00,1788.00,1785.80,0
05/07/2021,1791.30,1786.50,1794.65,1784.75,0
06/07/2021,1805.00,1800.20,1821.00,1800.20,0.01
07/07/2021,1813.00,1797.00,1810.20,1794.10,171.08
08/07/2021,1811.10,1825.40,1825.40,1825.40,0.00
09/07/2021,1821.80,1803.20,1813.00,1796.60,0.03
12/07/2021,1817.20,1820.40,1820.40,1820.20,0.00
13/07/2021,1821.60,1822.40,1822.40,1818.60,0.10
14/07/2021,1836.70,1808.30,1831.10,1804.90,0.00
15/07/2021,1840.50,1840.60,1840.60,1840.60,0.00
16/07/2021,1826.40,1824.70,1827.70,1824.70,0.00
19/07/2021,1820.20,1814.60,1814.60,1814.60,0.00
20/07/2021,1822.10,1821.60,1821.60,1821.40,0.00
21/07/2021,1814.30,1810.60,1814.40,1794.30,218.64
22/07/2021,1816.40,1817.40,1817.40,1817.40,0.00
23/07/2021,1812.70,1807.70,1810.70,1789.10,0.01
26/07/2021,1810.10,1810.90,1810.90,1809.30,0.01
27/07/2021,1810.50,1797.10,1805.40,1792.80,0.00
28/07/2021,1811.30,1814.40,1814.40,1808.90,0.05
29/07/2021,1842.40,1834.90,1843.00,1834.90,0.07
30/07/2021,1823.80,1840.70,1840.70,1830.90,0.21
02/08/2021,1829.10,1825.40,1825.40,1825.40,0.13
03/08/2021,1821.30,1813.10,1814.00,1806.50,0.13
04/08/2021,1821.60,1820.70,1833.40,1820.30,0.21
05/08/2021,1816.30,1811.40,1814.30,1796.70,0.07
06/08/2021,1770.80,1805.00,1805.00,1773.90,0.01
09/08/2021,1734.40,1710.20,1751.20,1710.20,0.32
10/08/2021,1739.30,1739.10,1739.10,1739.10,0.24
11/08/2021,1761.20,1727.40,1754.00,1723.10,0.95
12/08/2021,1759.70,1757.20,1757.20,1757.20,0.00
13/08/2021,1786.10,1777.50,1786.30,1777.50,0.02
16/08/2021,1797.80,1794.90,1794.90,1794.50,0.01
17/08/2021,1795.20,1795.30,1804.60,1794.30,0.24
18/08/2021,1791.90,1785.70,1793.00,1776.50,0.01
19/08/2021,1790.40,1792.50,1796.20,1792.50,0.07
20/08/2021,1791.00,1788.00,1794.90,1787.90,0.31
23/08/2021,1813.40,1813.80,1813.80,1813.80,0.02
24/08/2021,1815.20,1813.50,1815.60,1810.00,0.40
25/08/2021,1797.80,1802.10,1802.10,1782.50,0.02
26/08/2021,1802.20,1790.00,1790.00,1790.00,0.04
27/08/2021,1826.50,1819.30,1819.30,1819.30,0.00
30/08/2021,1819.20,1819.00,1823.60,1807.80,0.04
31/08/2021,1825.10,1810.00,1819.50,1801.30,5.15
01/09/2021,1822.70,1826.00,1826.00,1826.00,0.11
02/09/2021,1818.00,1814.20,1817.10,1804.60,0.00
03/09/2021,1840.10,1821.50,1824.10,1820.70,0.02
05/09/2021,1830.05,1832.20,1832.50,1829.65,0
06/09/2021,1825.65,1829.95,1830.65,1823.65,0
07/09/2021,1805.10,1820.90,1820.90,1805.20,0.33
08/09/2021,1800.20,1806.00,1808.60,1799.00,0.04
09/09/2021,1806.80,1807.40,1807.40,1799.50,0.01
10/09/2021,1798.90,1806.00,1808.50,1798.00,0.01
13/09/2021,1801.40,1796.80,1806.00,1796.80,0.03
14/09/2021,1813.90,1799.50,1808.80,1799.30,0.02
15/09/2021,1801.50,1803.50,1805.50,1799.00,0.10
16/09/2021,1763.30,1800.50,1803.50,1756.00,0.19
17/09/2021,1757.60,1760.60,1760.60,1760.60,0.16
20/09/2021,1770.30,1762.50,1769.90,1762.50,0.01
21/09/2021,1784.80,1780.20,1782.30,1779.00,1.06
22/09/2021,1785.70,1780.60,1793.60,1780.60,0.08
23/09/2021,1756.30,1770.30,1770.30,1752.00,0.08
24/09/2021,1758.30,1760.20,1760.20,1753.80,0.01
27/09/2021,1758.40,1759.20,1763.70,1755.80,0.01
28/09/2021,1744.00,1757.70,1757.70,1739.90,0.02
29/09/2021,1729.20,1740.70,1747.70,1729.80,0.03
30/09/2021,1762.30,1735.50,1768.50,1733.40,0.13
01/10/2021,1764.10,1762.40,1768.30,1762.40,0.18
04/10/2021,1773.20,1770.50,1776.40,1759.70,0.04
05/10/2021,1766.90,1760.00,1769.00,1758.50,0.34
06/10/2021,1767.60,1758.00,1770.00,1758.00,0.05
07/10/2021,1765.70,1760.80,1760.80,1758.30,0.04
08/10/2021,1764.10,1781.50,1787.50,1763.50,0.47
11/10/2021,1762.50,1763.10,1763.10,1758.00,0.16
12/10/2021,1766.00,1765.60,1776.00,1763.90,0.08
13/10/2021,1802.00,1783.70,1801.70,1783.70,0.29
14/10/2021,1804.80,1805.60,1806.80,1805.60,0.04
15/10/2021,1775.10,1789.30,1789.30,1775.30,0.03
18/10/2021,1772.70,1775.20,1775.60,1772.20,0.18
19/10/2021,1777.60,1782.00,1791.20,1775.10,0.05
20/10/2021,1791.60,1790.20,1791.00,1785.20,0.01
21/10/2021,1788.80,1785.50,1789.90,1785.50,0.03
22/10/2021,1803.40,1796.80,1820.00,1794.00,0.23
25/10/2021,1813.70,1808.70,1809.00,1808.70,0.69
26/10/2021,1800.40,1813.30,1813.30,1793.80,0.17
27/10/2021,1805.90,1799.80,1806.00,1795.50,0.41
28/10/2021,1809.60,1815.50,1819.30,1814.00,0.05
29/10/2021,1790.70,1801.80,1801.80,1780.00,0.51
01/11/2021,1802.50,1790.30,1802.00,1790.30,0.18
02/11/2021,1796.10,1803.00,1803.00,1795.20,0.10
03/11/2021,1770.30,1792.40,1792.40,1768.70,0.41
04/11/2021,1800.10,1782.00,1800.20,1781.00,0.46
05/11/2021,1823.60,1798.90,1826.00,1794.00,1.14
08/11/2021,1835.00,1824.50,1835.00,1823.20,1.22
09/11/2021,1837.70,1834.60,1840.50,1830.10,1.24
10/11/2021,1855.20,1834.70,1875.50,1834.50,0.98
11/11/2021,1870.80,1860.20,1873.90,1859.60,1.39
12/11/2021,1875.40,1870.70,1875.60,1855.10,0.58
15/11/2021,1873.90,1876.00,1876.30,1868.00,0.13
16/11/2021,1861.30,1877.10,1882.50,1859.00,0.22
17/11/2021,1877.40,1864.10,1877.50,1864.10,0.37
18/11/2021,1868.60,1873.60,1874.10,1864.90,0.64
19/11/2021,1859.20,1867.30,1869.90,1854.90,0.34
22/11/2021,1814.40,1850.90,1852.10,1811.60,0.40
23/11/2021,1791.70,1816.30,1816.30,1795.00,0.29
24/11/2021,1792.30,1799.90,1803.90,1791.30,0.04
25/11/2021,1792.40,1789.80,1795.30,1787.75,0
26/11/2021,1793.20,1800.80,1811.50,1791.40,0.40
29/11/2021,1790.60,1800.00,1803.00,1787.60,0.45
30/11/2021,1781.90,1794.20,1812.80,1778.00,0.31
01/12/2021,1790.00,1784.20,1800.50,1783.80,0.40
02/12/2021,1768.40,1781.80,1787.40,1768.00,0.54
03/12/2021,1789.50,1778.50,1793.20,1776.50,0.67
06/12/2021,1785.30,1792.60,1792.60,1783.90,0.58
07/12/2021,1790.70,1785.40,1793.60,1785.40,1.27
08/12/2021,1791.70,1795.20,1797.60,1788.00,1.45
09/12/2021,1783.10,1782.00,1787.90,1781.00,1.62
10/12/2021,1791.30,1782.40,1797.20,1777.60,1.57
13/12/2021,1795.30,1795.80,1799.00,1790.80,3.56
14/12/2021,1779.30,1789.90,1791.60,1774.30,0.53
15/12/2021,1771.50,1775.40,1785.20,1764.10,0.54
16/12/2021,1805.40,1795.00,1806.80,1790.20,0.17
17/12/2021,1811.90,1810.00,1820.60,1810.00,0.33
20/12/2021,1801.60,1809.50,1810.00,1796.00,0.25
21/12/2021,1795.90,1799.60,1808.40,1792.80,0.46
22/12/2021,1809.30,1794.50,1810.00,1794.50,0.65
23/12/2021,1818.60,1811.60,1818.70,1811.60,0.72
24/12/2021,1810.10,1810.10,1810.10,1810.10,0
27/12/2021,1815.80,1812.30,1821.50,1812.30,0.14
28/12/2021,1818.00,1819.70,1825.70,1813.80,0.15
29/12/2021,1813.00,1814.40,1814.40,1797.50,0.26
30/12/2021,1821.40,1812.60,1822.30,1804.50,0.56
31/12/2021,1835.90,1825.00,1837.90,1822.90,1.12
03/01/2022,1807.00,1834.90,1834.90,1806.00,0.66
04/01/2022,1821.40,1813.40,1822.50,1807.50,1.82
05/01/2022,1831.50,1822.20,1835.00,1816.70,6.83
06/01/2022,1795.40,1815.00,1815.00,1792.00,2.99
07/01/2022,1803.70,1796.90,1804.10,1789.20,4.05
10/01/2022,1805.10,1798.80,1806.90,1795.80,2.73
11/01/2022,1824.60,1811.00,1829.00,1809.10,4.84
12/01/2022,1833.70,1827.10,1834.00,1820.80,3.28
13/01/2022,1827.70,1831.60,1834.50,1819.10,3.20
14/01/2022,1822.90,1826.00,1834.80,1821.80,1.22
16/01/2022,1815.75,1816.40,1818.10,1815.15,0
17/01/2022,1819.05,1815.85,1822.90,1812.25,0
18/01/2022,1819.50,1825.00,1828.00,1812.30,4.88
19/01/2022,1850.10,1821.50,1850.40,1819.70,0.86
20/01/2022,1849.50,1846.60,1855.10,1844.20,1.48
21/01/2022,1838.80,1848.10,1849.50,1838.30,0.68
24/01/2022,1849.00,1846.00,1851.60,1837.60,0.60
25/01/2022,1859.80,1851.00,1859.90,1844.00,0.82
26/01/2022,1836.90,1855.20,1855.60,1822.20,3.43
27/01/2022,1800.40,1826.50,1826.50,1798.20,4.61
28/01/2022,1792.20,1804.00,1804.90,1787.80,3.27
31/01/2022,1802.20,1794.50,1806.00,1792.40,1.68
01/02/2022,1807.20,1803.50,1814.30,1802.10,2.35
02/02/2022,1816.10,1807.40,1817.20,1801.80,0.64
03/02/2022,1810.10,1809.80,1814.00,1794.90,0.91
04/02/2022,1814.00,1813.70,1821.50,1798.30,3.72
07/02/2022,1827.90,1816.00,1830.30,1815.20,2.48
08/02/2022,1834.50,1828.60,1836.40,1824.50,4.51
09/02/2022,1843.30,1832.90,1843.40,1832.60,1.89
10/02/2022,1844.80,1840.20,1849.70,1829.60,3.72
11/02/2022,1849.90,1834.50,1873.20,1830.00,3.28
14/02/2022,1877.10,1869.20,1884.00,1861.20,3.08
15/02/2022,1863.70,1880.60,1888.80,1853.70,2.06
16/02/2022,1878.90,1863.00,1880.90,1860.00,1.82
17/02/2022,1909.30,1878.50,1909.90,1878.50,1.41
18/02/2022,1907.10,1909.00,1912.00,1895.40,1.01
20/02/2022,1908.00,1900.80,1909.35,1900.80,0
21/02/2022,1912.05,1907.80,1918.30,1889.70,0
22/02/2022,1914.70,1911.20,1923.90,1899.00,2.34
23/02/2022,1917.70,1908.80,1920.00,1898.90,2.20
24/02/2022,1933.00,1921.20,1981.00,1885.60,3.91
25/02/2022,1894.20,1913.80,1931.40,1891.50,2.41
28/02/2022,1907.40,1910.10,1941.60,1899.20,1.36
01/03/2022,1950.40,1915.50,1955.60,1910.20,1.46
02/03/2022,1929.00,1944.60,1957.80,1923.90,3.25
03/03/2022,1942.90,1938.00,1951.20,1930.20,2.19
04/03/2022,1973.60,1944.90,1981.10,1938.60,1.63
07/03/2022,2002.60,1985.00,2013.40,1973.60,7.71
08/03/2022,2049.90,2008.30,2085.20,1998.60,3.54
09/03/2022,1994.90,2057.80,2072.10,1988.00,3.11
10/03/2022,2008.20,2002.50,2021.00,1982.30,2.66
11/03/2022,1993.10,2010.40,2010.40,1968.80,5.68
14/03/2022,1969.30,1992.00,1995.00,1960.80,0.92
15/03/2022,1938.50,1964.60,1964.60,1918.00,2.98
16/03/2022,1918.30,1928.80,1938.30,1905.00,3.84
17/03/2022,1952.10,1934.50,1959.20,1933.90,2.27
18/03/2022,1937.90,1950.70,1950.80,1926.80,3.62
21/03/2022,1939.00,1931.00,1951.20,1926.40,3.10
22/03/2022,1931.20,1945.20,1948.50,1920.00,3.87
23/03/2022,1947.10,1930.30,1958.00,1925.90,3.80
24/03/2022,1972.60,1953.20,1977.20,1948.40,2.98
25/03/2022,1964.90,1972.30,1974.00,1953.50,4.32
28/03/2022,1949.90,1967.80,1968.30,1926.00,2.93
29/03/2022,1923.00,1932.00,1937.50,1899.00,5.62
30/03/2022,1944.10,1930.00,1948.30,1925.40,3.76
31/03/2022,1959.50,1942.50,1960.40,1928.60,7.31
01/04/2022,1929.20,1947.90,1949.50,1927.10,2.17
04/04/2022,1939.70,1933.50,1946.10,1924.00,2.95
05/04/2022,1933.50,1941.50,1954.40,1927.20,4.70
06/04/2022,1929.30,1933.40,1942.20,1922.30,3.99
07/04/2022,1944.20,1932.90,1948.00,1930.00,6.75
08/04/2022,1952.20,1941.40,1958.30,1937.70,6.83
11/04/2022,1955.00,1957.10,1981.20,1949.90,5.74
12/04/2022,1983.00,1965.00,1989.10,1960.40,9.08
13/04/2022,1991.50,1976.60,1992.20,1974.00,9.41
14/04/2022,1981.60,1988.70,1990.60,1969.60,3.13
18/04/2022,1993.30,1983.10,2009.50,1981.80,1.60
19/04/2022,1965.80,1987.80,1991.60,1952.80,5.38
20/04/2022,1962.30,1959.00,1967.30,1947.80,5.75
21/04/2022,1955.00,1964.20,1966.20,1944.80,11.80
22/04/2022,1941.40,1960.00,1964.50,1935.00,12.26
25/04/2022,1903.00,1937.40,1942.60,1898.80,17.15
26/04/2022,1911.10,1907.30,1918.70,1904.20,8.90
27/04/2022,1895.60,1914.00,1914.80,1888.80,5.84
28/04/2022,1898.30,1893.00,1904.30,1877.80,6.72
29/04/2022,1918.60,1902.50,1928.20,1900.60,7.74
02/05/2022,1870.60,1903.10,1907.40,1860.80,9.78
03/05/2022,1877.80,1870.40,1885.00,1856.70,24.90
04/05/2022,1876.20,1876.10,1898.80,1868.80,29.35
05/05/2022,1883.00,1891.30,1917.60,1879.60,28.69
06/05/2022,1890.20,1884.50,1900.80,1872.40,52.58
09/05/2022,1865.90,1890.90,1891.80,1858.60,71.72
10/05/2022,1848.40,1860.30,1871.60,1841.90,90.25
11/05/2022,1861.00,1844.90,1864.50,1838.00,60.05
12/05/2022,1831.60,1858.80,1865.80,1827.20,71.42
13/05/2022,1814.80,1828.10,1834.20,1804.00,21.40
16/05/2022,1820.40,1816.00,1832.40,1792.00,27.77
17/05/2022,1825.40,1831.70,1840.90,1817.80,27.00
18/05/2022,1822.40,1820.20,1829.30,1811.70,40.54
19/05/2022,1847.80,1821.30,1854.50,1814.90,38.86
20/05/2022,1848.40,1847.40,1854.00,1837.30,42.70
23/05/2022,1853.90,1850.90,1870.40,1849.70,62.66
24/05/2022,1871.40,1858.60,1875.00,1853.90,76.58
25/05/2022,1852.50,1871.20,1872.70,1845.00,99.60
26/05/2022,1853.90,1857.90,1859.00,1842.50,92.09
27/05/2022,1857.30,1855.10,1866.90,1851.90,123.76
29/05/2022,1847.65,1850.55,1851.76,1845.90,0
30/05/2022,1855.40,1847.79,1862.10,1846.54,0
31/05/2022,1848.40,1856.50,1867.90,1837.60,201.80
01/06/2022,1848.70,1840.00,1853.00,1830.20,158.04
02/06/2022,1871.40,1849.90,1874.40,1846.50,127.47
03/06/2022,1850.20,1872.60,1878.60,1849.70,115.34
06/06/2022,1843.70,1853.70,1861.20,1843.00,103.18
07/06/2022,1852.10,1843.50,1858.20,1838.50,119.21
08/06/2022,1856.50,1855.00,1862.40,1846.60,114.14
09/06/2022,1852.80,1855.10,1857.80,1841.90,131.29
10/06/2022,1875.50,1850.40,1879.60,1826.50,267.20
13/06/2022,1831.80,1879.00,1882.50,1819.00,252.54
14/06/2022,1813.50,1820.90,1833.30,1806.10,165.15
15/06/2022,1819.60,1809.70,1845.40,1808.40,203.42
16/06/2022,1849.90,1835.80,1860.20,1816.30,180.89
17/06/2022,1840.60,1859.30,1861.50,1836.10,141.72
19/06/2022,1840.60,1836.81,1842.33,1836.78,0
20/06/2022,1840.55,1840.70,1848.25,1837.00,0
21/06/2022,1838.80,1840.60,1848.40,1830.70,176.30
22/06/2022,1838.40,1834.90,1850.30,1824.50,149.55
23/06/2022,1829.80,1839.70,1848.90,1823.50,167.07
24/06/2022,1830.30,1824.20,1833.70,1817.70,139.72
27/06/2022,1824.80,1839.60,1842.80,1821.80,143.82
28/06/2022,1821.20,1823.60,1830.90,1819.10,111.40
29/06/2022,1817.50,1821.40,1834.90,1810.70,155.54
30/06/2022,1807.30,1819.20,1826.80,1802.50,208.90
01/07/2022,1801.50,1808.10,1813.60,1783.40,249.49
03/07/2022,1809.10,1812.50,1814.20,1809.05,0
04/07/2022,1810.05,1809.20,1815.10,1804.85,0
05/07/2022,1763.90,1814.40,1815.20,1763.00,310.37
06/07/2022,1736.50,1764.20,1771.50,1730.70,258.82
07/07/2022,1739.70,1737.20,1748.20,1734.70,151.26
08/07/2022,1742.30,1738.70,1751.70,1726.00,0
11/07/2022,1731.70,1741.50,1743.00,1729.00,0
12/07/2022,1724.80,1731.30,1742.20,1721.60,0
13/07/2022,1735.50,1723.60,1744.30,1704.50,0
14/07/2022,1705.80,1733.60,1734.80,1695.00,0
15/07/2022,1703.60,1708.20,1714.20,1696.60,0
18/07/2022,1710.20,1706.40,1722.00,1704.40,0
19/07/2022,1710.70,1707.20,1716.50,1702.60,0
20/07/2022,1700.20,1709.50,1712.70,1690.10,0
21/07/2022,1713.40,1693.70,1719.50,1678.40,0
22/07/2022,1727.40,1717.20,1738.30,1711.70,0
